hsa-mir-200b,60750
hsa-mir-21,60750
hsa-mir-24-1,126941
hsa-mir-214,2767
hsa-mir-15b,241903
hsa-mir-16-1,241903
hsa-mir-27a,3657
hsa-mir-27a,3657
hsa-mir-27a,241903
hsa-mir-27a,241903
hsa-mir-451a,3657
hsa-mir-451a,3657
hsa-mir-451a,241903
hsa-mir-451a,241903
hsa-let-7a-1,31703
hsa-let-7b,31703
hsa-let-7d,31703
hsa-let-7f-1,31703
hsa-let-7g,31703
hsa-let-7i,31703
hsa-mir-100,31703
hsa-mir-106a,31703
hsa-mir-106b,31703
hsa-mir-107,31703
hsa-mir-10a,31703
hsa-mir-125a,31703
hsa-mir-127,31703
hsa-mir-130a,31703
hsa-mir-132,31703
hsa-mir-133b,31703
hsa-mir-140,31703
hsa-mir-141,31703
hsa-mir-145,31703
hsa-mir-146b,31703
hsa-mir-148a,31703
hsa-mir-149,31703
hsa-mir-152,31703
hsa-mir-155,31703
hsa-mir-15a,31703
hsa-mir-15b,31703
hsa-mir-16-1,31703
hsa-mir-17,31703
hsa-mir-181d,31703
hsa-mir-182,31703
hsa-mir-185,31703
hsa-mir-186,31703
hsa-mir-187,31703
hsa-mir-18a,31703
hsa-mir-18b,31703
hsa-mir-191,31703
hsa-mir-192,31703
hsa-mir-193b,31703
hsa-mir-195,31703
hsa-mir-196b,31703
hsa-mir-200a,31703
hsa-mir-200a,31703
hsa-mir-200b,31703
hsa-mir-200c,31703
hsa-mir-203a,31703
hsa-mir-205,31703
hsa-mir-206,31703
hsa-mir-20a,31703
hsa-mir-20b,31703
hsa-mir-210,31703
hsa-mir-212,31703
hsa-mir-214,31703
hsa-mir-215,31703
hsa-mir-22,31703
hsa-mir-221,31703
hsa-mir-222,31703
hsa-mir-224,31703
hsa-mir-23a,31703
hsa-mir-23b,31703
hsa-mir-25,31703
hsa-mir-27a,31703
hsa-mir-27b,31703
hsa-mir-28,31703
hsa-mir-29a,31703
hsa-mir-301a,31703
hsa-mir-30a,31703
hsa-mir-30e,31703
hsa-mir-31,31703
hsa-mir-320a,31703
hsa-mir-323a,31703
hsa-mir-324,31703
hsa-mir-328,31703
hsa-mir-331,31703
hsa-mir-339,31703
hsa-mir-342,31703
hsa-mir-345,31703
hsa-mir-34a,31703
hsa-mir-34c,31703
hsa-mir-362,31703
hsa-mir-373,31703
hsa-mir-374a,31703
hsa-mir-375,31703
hsa-mir-378a,31703
hsa-mir-409,31703
hsa-mir-410,31703
hsa-mir-411,31703
hsa-mir-421,31703
hsa-mir-422a,31703
hsa-mir-424,31703
hsa-mir-429,31703
hsa-mir-431,31703
hsa-mir-432,31703
hsa-mir-433,31703
hsa-mir-451a,31703
hsa-mir-455,31703
hsa-mir-484,31703
hsa-mir-485,31703
hsa-mir-487a,31703
hsa-mir-487b,31703
hsa-mir-489,31703
hsa-mir-493,31703
hsa-mir-495,31703
hsa-mir-503,31703
hsa-mir-532,31703
hsa-mir-542,31703
hsa-mir-557,31703
hsa-mir-574,31703
hsa-mir-584,31703
hsa-mir-590,31703
hsa-mir-615,31703
hsa-mir-637,31703
hsa-mir-654,31703
hsa-mir-660,31703
hsa-mir-7-1,31703
hsa-mir-9-1,31703
hsa-mir-93,31703
hsa-mir-96,31703
hsa-mir-99b,31703
hsa-let-7a-1,60953
hsa-mir-198,60953
hsa-mir-33a,60953
hsa-mir-203a,2733526
hsa-mir-21,2733526
hsa-mir-221,2733526
hsa-mir-222,2733526
hsa-mir-23a,2733526
hsa-mir-24-1,2733526
hsa-mir-27a,2733526
hsa-mir-32,2733526
hsa-mir-342,2733526
hsa-mir-375,2733526
hsa-mir-489,2733526
hsa-let-7a-1,31703
hsa-let-7a-1,31703
hsa-let-7a-1,36314
hsa-let-7a-1,36314
hsa-mir-221,2733526
hsa-mir-222,2733526
hsa-mir-34a,2767
hsa-mir-34a,148124
hsa-mir-34a,31703
hsa-mir-34a,60750
hsa-mir-1-1,31703
hsa-let-7e,2767
hsa-mir-10a,2767
hsa-mir-20a,2767
hsa-mir-23a,2767
hsa-mir-23b,2767
hsa-mir-29c,2767
hsa-mir-93,2767
hsa-mir-99a,2767
hsa-mir-100,2767
hsa-mir-106a,36314
hsa-mir-106a,36314
hsa-mir-106a,2767
hsa-mir-106a,2767
hsa-mir-107,36314
hsa-mir-125a,36314
hsa-mir-126,36314
hsa-mir-130a,36314
hsa-mir-130b,36314
hsa-mir-137,36314
hsa-mir-182,36314
hsa-mir-197,36314
hsa-mir-204,36314
hsa-mir-20b,36314
hsa-mir-21,36314
hsa-mir-335,36314
hsa-mir-34a,24360
hsa-mir-100,31703
hsa-mir-106a,31703
hsa-mir-106b,31703
hsa-mir-125a,31703
hsa-mir-130a,31703
hsa-mir-141,31703
hsa-mir-155,31703
hsa-mir-183,31703
hsa-mir-193a,31703
hsa-mir-200a,31703
hsa-mir-200b,31703
hsa-mir-200c,31703
hsa-mir-203a,31703
hsa-mir-20b,31703
hsa-mir-210,31703
hsa-mir-22,31703
hsa-mir-221,31703
hsa-mir-222,31703
hsa-mir-23a,31703
hsa-mir-25,31703
hsa-mir-301a,31703
hsa-mir-31,31703
hsa-mir-339,31703
hsa-mir-34a,31703
hsa-mir-421,31703
hsa-mir-455,31703
hsa-mir-590,31703
hsa-mir-93,31703
hsa-let-7i,2767
hsa-mir-126,2767
hsa-mir-152,2767
hsa-mir-198,2767
hsa-mir-214,2767
hsa-mir-216a,2767
hsa-mir-22,2767
hsa-mir-223,2767
hsa-mir-370,2767
hsa-mir-520e,2767
hsa-mir-21,2767
hsa-mir-21,784
hsa-let-7e,31703
hsa-mir-106a,31703
hsa-mir-126,31703
hsa-mir-132,31703
hsa-mir-142,31703
hsa-mir-185,60750
hsa-mir-21,60750
hsa-mir-23b,36314
hsa-mir-330,36314
hsa-mir-331,36314
hsa-mir-339,148124
hsa-mir-340,148124
hsa-mir-34b,148124
hsa-mir-371a,148124
hsa-mir-381,148124
hsa-mir-431,148124
hsa-mir-502,60700
hsa-mir-520f,2767
hsa-mir-520f,2767
hsa-mir-99b,2767
hsa-mir-328,4212
hsa-mir-205,123631
hsa-mir-205,25183872
hsa-mir-221,10635
hsa-mir-222,10635
hsa-let-7e,31703
hsa-let-7e,2520
hsa-let-7e,31703
hsa-let-7e,2520
hsa-let-7f-1,31703
hsa-let-7f-1,2520
hsa-let-7g,31703
hsa-let-7g,2520
hsa-let-7i,31703
hsa-let-7i,2520
hsa-mir-1-1,31703
hsa-mir-1-1,2520
hsa-mir-100,31703
hsa-mir-100,2520
hsa-mir-10a,31703
hsa-mir-10a,2520
hsa-mir-10b,31703
hsa-mir-10b,2520
hsa-mir-130b,31703
hsa-mir-130b,2520
hsa-mir-132,31703
hsa-mir-132,2520
hsa-mir-135b,31703
hsa-mir-135b,2520
hsa-mir-140,31703
hsa-mir-140,2520
hsa-mir-141,31703
hsa-mir-141,2520
hsa-mir-141,31703
hsa-mir-141,2520
hsa-mir-142,31703
hsa-mir-142,2520
hsa-mir-143,31703
hsa-mir-143,2520
hsa-mir-145,31703
hsa-mir-145,2520
hsa-mir-146a,31703
hsa-mir-146a,2520
hsa-mir-146b,31703
hsa-mir-146b,2520
hsa-mir-148a,31703
hsa-mir-148a,2520
hsa-mir-151a,31703
hsa-mir-151a,2520
hsa-mir-154,31703
hsa-mir-154,2520
hsa-mir-155,31703
hsa-mir-155,2520
hsa-mir-15a,31703
hsa-mir-15a,2520
hsa-mir-15b,31703
hsa-mir-15b,2520
hsa-mir-16-1,31703
hsa-mir-16-1,2520
hsa-mir-181c,31703
hsa-mir-181c,2520
hsa-mir-181d,31703
hsa-mir-181d,2520
hsa-mir-182,31703
hsa-mir-182,2520
hsa-mir-186,31703
hsa-mir-186,2520
hsa-mir-18a,31703
hsa-mir-18a,2520
hsa-mir-190a,31703
hsa-mir-190a,2520
hsa-mir-192,31703
hsa-mir-192,2520
hsa-mir-193a,31703
hsa-mir-193a,2520
hsa-mir-196b,31703
hsa-mir-196b,2520
hsa-mir-199b,31703
hsa-mir-199b,2520
hsa-mir-19a,31703
hsa-mir-19a,2520
hsa-mir-200a,31703
hsa-mir-200a,2520
hsa-mir-200c,31703
hsa-mir-200c,2520
hsa-mir-205,31703
hsa-mir-205,2520
hsa-mir-206,31703
hsa-mir-206,2520
hsa-mir-21,31703
hsa-mir-21,2520
hsa-mir-214,31703
hsa-mir-214,2520
hsa-mir-216a,31703
hsa-mir-216a,2520
hsa-mir-216b,31703
hsa-mir-216b,2520
hsa-mir-221,31703
hsa-mir-221,2520
hsa-mir-25,31703
hsa-mir-25,2520
hsa-mir-28,31703
hsa-mir-28,2520
hsa-mir-299,31703
hsa-mir-299,2520
hsa-mir-29a,31703
hsa-mir-29a,2520
hsa-mir-29c,31703
hsa-mir-29c,2520
hsa-mir-301b,31703
hsa-mir-301b,2520
hsa-mir-302a,31703
hsa-mir-302a,2520
hsa-mir-302c,31703
hsa-mir-302c,2520
hsa-mir-302c,31703
hsa-mir-302c,2520
hsa-mir-30a,31703
hsa-mir-30a,2520
hsa-mir-30b,31703
hsa-mir-30b,2520
hsa-mir-30d,31703
hsa-mir-30d,2520
hsa-mir-30e,31703
hsa-mir-30e,2520
hsa-mir-30e,31703
hsa-mir-30e,2520
hsa-mir-31,31703
hsa-mir-31,2520
hsa-mir-31,31703
hsa-mir-31,2520
hsa-mir-32,31703
hsa-mir-32,2520
hsa-mir-320a,31703
hsa-mir-320a,2520
hsa-mir-330,31703
hsa-mir-330,2520
hsa-mir-331,31703
hsa-mir-331,2520
hsa-mir-339,31703
hsa-mir-339,2520
hsa-mir-33a,31703
hsa-mir-33a,2520
hsa-mir-33a,31703
hsa-mir-33a,2520
hsa-mir-33b,31703
hsa-mir-33b,2520
hsa-mir-345,31703
hsa-mir-345,2520
hsa-mir-34a,31703
hsa-mir-34a,2520
hsa-mir-34b,31703
hsa-mir-34b,2520
hsa-mir-361,31703
hsa-mir-361,2520
hsa-mir-367,31703
hsa-mir-367,2520
hsa-mir-369,31703
hsa-mir-369,2520
hsa-mir-370,31703
hsa-mir-370,2520
hsa-mir-373,31703
hsa-mir-373,2520
hsa-mir-373,31703
hsa-mir-373,2520
hsa-mir-374a,31703
hsa-mir-374a,2520
hsa-mir-376c,31703
hsa-mir-376c,2520
hsa-mir-410,31703
hsa-mir-410,2520
hsa-mir-412,31703
hsa-mir-412,2520
hsa-mir-425,31703
hsa-mir-425,2520
hsa-mir-429,31703
hsa-mir-429,2520
hsa-mir-431,31703
hsa-mir-431,2520
hsa-mir-448,31703
hsa-mir-448,2520
hsa-mir-451a,31703
hsa-mir-451a,2520
hsa-mir-454,31703
hsa-mir-454,2520
hsa-mir-455,31703
hsa-mir-455,2520
hsa-mir-485,31703
hsa-mir-485,2520
hsa-mir-491,31703
hsa-mir-491,2520
hsa-mir-496,31703
hsa-mir-496,2520
hsa-mir-497,31703
hsa-mir-497,2520
hsa-mir-499a,31703
hsa-mir-499a,2520
hsa-mir-502,31703
hsa-mir-502,2520
hsa-mir-505,31703
hsa-mir-505,2520
hsa-mir-517c,31703
hsa-mir-517c,2520
hsa-mir-519b,31703
hsa-mir-519b,2520
hsa-mir-520a,31703
hsa-mir-520a,2520
hsa-mir-520d,31703
hsa-mir-520d,2520
hsa-mir-526b,31703
hsa-mir-526b,2520
hsa-mir-532,31703
hsa-mir-532,2520
hsa-mir-539,31703
hsa-mir-539,2520
hsa-mir-541,31703
hsa-mir-541,2520
hsa-mir-542,31703
hsa-mir-542,2520
hsa-mir-545,31703
hsa-mir-545,2520
hsa-mir-555,31703
hsa-mir-555,2520
hsa-mir-563,31703
hsa-mir-563,2520
hsa-mir-568,31703
hsa-mir-568,2520
hsa-mir-569,31703
hsa-mir-569,2520
hsa-mir-571,31703
hsa-mir-571,2520
hsa-mir-576,31703
hsa-mir-576,2520
hsa-mir-578,31703
hsa-mir-578,2520
hsa-mir-582,31703
hsa-mir-582,2520
hsa-mir-586,31703
hsa-mir-586,2520
hsa-mir-587,31703
hsa-mir-587,2520
hsa-mir-588,31703
hsa-mir-588,2520
hsa-mir-589,31703
hsa-mir-589,2520
hsa-mir-590,31703
hsa-mir-590,2520
hsa-mir-591,31703
hsa-mir-591,2520
hsa-mir-592,31703
hsa-mir-592,2520
hsa-mir-593,31703
hsa-mir-593,2520
hsa-mir-601,31703
hsa-mir-601,2520
hsa-mir-605,31703
hsa-mir-605,2520
hsa-mir-606,31703
hsa-mir-606,2520
hsa-mir-613,31703
hsa-mir-613,2520
hsa-mir-629,31703
hsa-mir-629,2520
hsa-mir-633,31703
hsa-mir-633,2520
hsa-mir-639,31703
hsa-mir-639,2520
hsa-mir-643,31703
hsa-mir-643,2520
hsa-mir-649,31703
hsa-mir-649,2520
hsa-mir-651,31703
hsa-mir-651,2520
hsa-mir-652,31703
hsa-mir-652,2520
hsa-mir-655,31703
hsa-mir-655,2520
hsa-mir-660,31703
hsa-mir-660,2520
hsa-mir-662,31703
hsa-mir-662,2520
hsa-mir-7-1,31703
hsa-mir-7-1,2520
hsa-mir-758,31703
hsa-mir-758,2520
hsa-mir-760,31703
hsa-mir-760,2520
hsa-mir-765,31703
hsa-mir-765,2520
hsa-mir-767,31703
hsa-mir-767,2520
hsa-mir-769,31703
hsa-mir-769,2520
hsa-mir-876,31703
hsa-mir-876,2520
hsa-mir-888,31703
hsa-mir-888,2520
hsa-mir-93,31703
hsa-mir-93,2520
hsa-mir-96,31703
hsa-mir-96,2520
hsa-mir-99a,31703
hsa-mir-99a,2520
hsa-mir-21,60750
hsa-mir-200c,448013
hsa-mir-200c,36314
hsa-mir-200c,241903
hsa-mir-155,31703
hsa-mir-21,452548
hsa-mir-27b,2907
hsa-mir-122,31703
hsa-mir-21,31703
hsa-mir-21,36314
hsa-let-7a-1,60750
hsa-let-7b,60750
hsa-let-7c,60750
hsa-let-7d,60750
hsa-let-7f-1,60750
hsa-mir-200b,60750
hsa-mir-200c,60750
hsa-mir-16-1,5280961
hsa-mir-16-1,216345
hsa-mir-122,216239
hsa-mir-140,3385
hsa-mir-140,126941
hsa-mir-200b,31703
hsa-mir-200c,31703
hsa-mir-143,3385
hsa-mir-17,36462
hsa-mir-187,36462
hsa-mir-197,36462
hsa-mir-23b,36462
hsa-mir-26b,36462
hsa-mir-29a,36462
hsa-mir-29c,36462
hsa-mir-30d,36462
hsa-mir-320a,36462
hsa-mir-326,31703
hsa-mir-326,36462
hsa-mir-429,36462
hsa-mir-7-1,36462
hsa-mir-9-1,36462
hsa-mir-200b,148124
hsa-mir-27a,3385
hsa-mir-27a,2767
hsa-mir-27a,31703
hsa-mir-27a,241903
hsa-mir-21,36314
hsa-mir-10a,2767
hsa-mir-10b,2767
hsa-mir-126,2767
hsa-mir-127,2767
hsa-mir-132,2767
hsa-mir-141,2767
hsa-mir-146a,2767
hsa-mir-200b,2767
hsa-mir-200c,2767
hsa-mir-205,2767
hsa-mir-206,2767
hsa-mir-214,2767
hsa-mir-221,2767
hsa-mir-222,2767
hsa-mir-29a,2767
hsa-mir-342,2767
hsa-mir-345,2767
hsa-mir-429,2767
hsa-mir-489,2767
hsa-mir-7-1,2767
hsa-mir-100,216239
hsa-mir-106b,216239
hsa-mir-126,216239
hsa-mir-130a,216239
hsa-mir-130b,216239
hsa-mir-136,216239
hsa-mir-146a,216239
hsa-mir-146b,216239
hsa-mir-148b,216239
hsa-mir-192,216239
hsa-mir-193b,216239
hsa-mir-206,216239
hsa-mir-224,216239
hsa-mir-345,216239
hsa-mir-425,216239
hsa-mir-483,216239
hsa-mir-548c,216239
hsa-mir-551b,216239
hsa-mir-570,216239
hsa-mir-585,216239
hsa-mir-627,216239
hsa-mir-657,216239
hsa-mir-660,216239
hsa-mir-663a,216239
hsa-mir-668,216239
hsa-mir-99b,216239
hsa-mir-21,36314
hsa-mir-21,57347814
hsa-mir-21,57347814
hsa-let-7c,2767
hsa-let-7d,2767
hsa-let-7e,2767
hsa-let-7g,2767
hsa-mir-181d,2767
hsa-mir-188,2767
hsa-mir-20b,2767
hsa-mir-21,2767
hsa-mir-214,2767
hsa-mir-23a,2767
hsa-mir-30d,2767
hsa-mir-342,2767
hsa-mir-373,2767
hsa-mir-432,2767
hsa-mir-498,2767
hsa-mir-518c,2767
hsa-mir-584,2767
hsa-mir-608,2767
hsa-mir-628,2767
hsa-mir-125a,31703
hsa-mir-127,31703
hsa-mir-134,31703
hsa-mir-143,31703
hsa-mir-145,31703
hsa-mir-195,31703
hsa-mir-216a,31703
hsa-mir-217,31703
hsa-mir-299,31703
hsa-mir-324,31703
hsa-mir-376c,31703
hsa-mir-379,31703
hsa-mir-382,31703
hsa-mir-409,31703
hsa-mir-432,31703
hsa-mir-485,31703
hsa-mir-487b,31703
hsa-mir-494,31703
hsa-mir-495,31703
hsa-mir-654,31703
hsa-mir-99b,31703
hsa-mir-155,31703
hsa-mir-155,36462
hsa-mir-155,36314
hsa-mir-21,60750
hsa-mir-200b,31703
hsa-mir-148a,36314
hsa-mir-215,126941
hsa-mir-106b,5394
hsa-mir-132,5394
hsa-mir-193a,5394
hsa-mir-193b,5394
hsa-mir-195,5394
hsa-mir-210,5394
hsa-mir-452,5394
hsa-mir-455,5394
hsa-mir-500a,5394
hsa-mir-502,5394
hsa-mir-503,5394
hsa-mir-584,5394
hsa-mir-100,36314
hsa-mir-100,36314
hsa-mir-106b,36314
hsa-mir-106b,36314
hsa-mir-140,36314
hsa-mir-140,36314
hsa-mir-146a,36314
hsa-mir-146a,36314
hsa-mir-146b,36314
hsa-mir-146b,36314
hsa-mir-15b,36314
hsa-mir-15b,36314
hsa-mir-16-1,36314
hsa-mir-16-1,36314
hsa-mir-17,36314
hsa-mir-17,36314
hsa-mir-20b,36314
hsa-mir-20b,36314
hsa-mir-221,36314
hsa-mir-221,36314
hsa-mir-222,36314
hsa-mir-222,36314
hsa-mir-27a,36314
hsa-mir-27a,36314
hsa-mir-29a,36314
hsa-mir-29a,36314
hsa-mir-30a,36314
hsa-mir-30a,36314
hsa-mir-30b,36314
hsa-mir-30b,36314
hsa-mir-363,36314
hsa-mir-363,36314
hsa-mir-620,36314
hsa-mir-620,36314
hsa-mir-21,60750
hsa-mir-21,57347814
hsa-mir-296,3385
hsa-mir-296,2767
hsa-mir-296,31703
hsa-mir-296,241903
hsa-mir-221,657237
hsa-mir-29a,657237
hsa-mir-21,3385
hsa-mir-21,60750
hsa-mir-21,148124
hsa-mir-27a,36314
hsa-mir-186,2767
hsa-mir-21,5394
hsa-mir-27a,36314
hsa-mir-21,6253
hsa-mir-186,2767
hsa-mir-34a,36314
hsa-let-7a-1,5291
hsa-let-7b,5291
hsa-let-7d,5291
hsa-let-7i,5291
hsa-mir-1-1,5291
hsa-mir-10a,5291
hsa-mir-132,5291
hsa-mir-135b,5291
hsa-mir-140,5291
hsa-mir-148a,5291
hsa-mir-148b,5291
hsa-mir-150,5291
hsa-mir-155,5291
hsa-mir-15a,5291
hsa-mir-181c,5291
hsa-mir-181d,5291
hsa-mir-183,5291
hsa-mir-18b,5291
hsa-mir-21,5291
hsa-mir-210,5291
hsa-mir-212,5291
hsa-mir-27b,5291
hsa-mir-34c,5291
hsa-mir-9-1,5291
hsa-mir-96,5291
hsa-mir-200c,91820602
hsa-mir-200c,2767
hsa-mir-106b,2767
hsa-mir-148b,24978538
hsa-mir-193a,24978538
hsa-mir-380,24978538
hsa-mir-582,24978538
hsa-mir-605,24978538
hsa-mir-661,24978538
hsa-mir-744,24978538
hsa-mir-876,24978538
hsa-mir-892b,24978538
hsa-mir-935,24978538
hsa-mir-212,91820602
hsa-mir-15a,2733526
hsa-mir-16-1,2733526
hsa-mir-143,37542
hsa-mir-145,37542
hsa-mir-18a,37542
hsa-mir-27b,37542
hsa-mir-34b,37542
hsa-mir-378a,37542
hsa-mir-652,37542
hsa-mir-21,3385
hsa-mir-24-1,148124
hsa-mir-30d,148124
hsa-mir-200c,36314
hsa-mir-221,104741
hsa-mir-222,104741
hsa-mir-34a,3385
hsa-mir-27a,31703
hsa-mir-331,31703
hsa-mir-21,3385
hsa-mir-200c,3385
hsa-mir-200c,2767
hsa-mir-200c,31703
hsa-mir-200c,36314
hsa-let-7f-1,31703
hsa-let-7g,31703
hsa-mir-155,31703
hsa-mir-221,31703
hsa-mir-424,31703
hsa-mir-451a,31703
hsa-mir-563,31703
hsa-mir-98,31703
hsa-mir-21,44259
hsa-mir-342,2733526
hsa-mir-34a,2767
hsa-mir-34a,5746
hsa-mir-21,30323
hsa-mir-182,23725625
hsa-mir-143,148124
hsa-mir-328,4212
hsa-mir-519c,4212
hsa-mir-376c,2767
hsa-let-7c,30323
hsa-let-7c,5755
hsa-let-7c,5978
hsa-mir-100,30323
hsa-mir-100,5755
hsa-mir-100,5978
hsa-mir-126,30323
hsa-mir-126,5755
hsa-mir-126,5978
hsa-mir-126,30323
hsa-mir-126,5755
hsa-mir-126,5978
hsa-mir-141,30323
hsa-mir-141,5755
hsa-mir-141,5978
hsa-mir-199b,30323
hsa-mir-199b,5755
hsa-mir-199b,5978
hsa-mir-200c,30323
hsa-mir-200c,5755
hsa-mir-200c,5978
hsa-mir-203a,30323
hsa-mir-203a,5755
hsa-mir-203a,5978
hsa-mir-335,30323
hsa-mir-335,5755
hsa-mir-335,5978
hsa-mir-383,30323
hsa-mir-383,5755
hsa-mir-383,5978
hsa-mir-454,30323
hsa-mir-454,5755
hsa-mir-454,5978
hsa-mir-625,30323
hsa-mir-625,5755
hsa-mir-625,5978
hsa-mir-629,30323
hsa-mir-629,5755
hsa-mir-629,5978
hsa-mir-9-1,30323
hsa-mir-9-1,5755
hsa-mir-9-1,5978
hsa-mir-99a,30323
hsa-mir-99a,5755
hsa-mir-99a,5978
hsa-mir-20a,3385
hsa-mir-20a,5310940
hsa-mir-20a,452548
hsa-mir-148a,3385
hsa-mir-148a,3385
hsa-mir-148a,2767
hsa-mir-148a,2767
hsa-mir-145,3385
hsa-mir-145,2767
hsa-mir-145,31703
hsa-mir-200c,3385
hsa-mir-200c,2767
hsa-mir-200c,31703
hsa-mir-21,3385
hsa-mir-21,2767
hsa-mir-21,31703
hsa-mir-485,36462
hsa-mir-497,2767
hsa-mir-497,2767
hsa-mir-497,5978
hsa-mir-497,5978
hsa-mir-141,2767
hsa-mir-19a,2767
hsa-mir-200a,2767
hsa-mir-205,2767
hsa-mir-20a,2767
hsa-mir-20b,2767
hsa-mir-21,2767
hsa-mir-27a,2767
hsa-mir-193a,2767
hsa-let-7g,97226
hsa-mir-126,97226
hsa-mir-132,97226
hsa-mir-141,97226
hsa-mir-196b,97226
hsa-mir-200a,97226
hsa-mir-200b,97226
hsa-mir-200c,97226
hsa-mir-224,97226
hsa-mir-27a,97226
hsa-mir-31,97226
hsa-mir-338,97226
hsa-mir-365a,97226
hsa-mir-371a,97226
hsa-mir-372,97226
hsa-mir-373,97226
hsa-mir-424,97226
hsa-mir-429,97226
hsa-mir-452,97226
hsa-mir-7-1,97226
hsa-mir-98,97226
hsa-mir-99b,97226
hsa-mir-451a,2767
hsa-mir-125a,60750
hsa-mir-142,60750
hsa-mir-152,60750
hsa-mir-181c,60750
hsa-mir-204,60750
hsa-mir-27a,60750
hsa-mir-34a,60750
hsa-mir-424,60750
hsa-mir-449b,60750
hsa-mir-518b,60750
hsa-mir-9-1,60750
hsa-mir-203a,36314
hsa-mir-205,2767
hsa-mir-205,148124
hsa-mir-31,2767
hsa-mir-31,148124
hsa-mir-21,60750
hsa-mir-141,2767
hsa-mir-125a,148124
hsa-mir-126,148124
hsa-mir-126,148124
hsa-mir-141,148124
hsa-mir-141,148124
hsa-mir-149,148124
hsa-mir-149,148124
hsa-mir-151a,148124
hsa-mir-151a,148124
hsa-mir-16-1,148124
hsa-mir-16-1,148124
hsa-mir-190b,148124
hsa-mir-190b,148124
hsa-mir-195,148124
hsa-mir-195,148124
hsa-mir-203a,148124
hsa-mir-30a,148124
hsa-mir-30a,148124
hsa-mir-30d,148124
hsa-mir-30d,148124
hsa-mir-34a,148124
hsa-mir-34a,148124
hsa-mir-361,148124
hsa-mir-361,148124
hsa-mir-363,148124
hsa-mir-363,148124
hsa-mir-429,148124
hsa-mir-429,148124
hsa-mir-532,148124
hsa-mir-532,148124
hsa-mir-590,148124
hsa-mir-590,148124
hsa-mir-7-1,148124
hsa-mir-7-1,148124
hsa-mir-17,104842
hsa-mir-21,31703
hsa-mir-21,9903
hsa-mir-9-1,2578
hsa-mir-100,148124
hsa-mir-130a,148124
hsa-mir-181d,148124
hsa-mir-195,148124
hsa-mir-197,148124
hsa-mir-27a,3385
hsa-mir-27a,2767
hsa-mir-27a,31703
hsa-mir-27a,5978
hsa-mir-100,2767
hsa-mir-10b,2767
hsa-mir-10b,2767
hsa-mir-130b,2767
hsa-mir-145,2767
hsa-mir-146a,2767
hsa-mir-146a,2767
hsa-mir-192,2767
hsa-mir-193a,2767
hsa-mir-193b,2767
hsa-mir-205,2767
hsa-mir-205,2767
hsa-mir-21,2767
hsa-mir-221,2767
hsa-mir-296,2767
hsa-mir-302a,2767
hsa-mir-302b,2767
hsa-mir-302b,2767
hsa-mir-302d,2767
hsa-mir-335,2767
hsa-mir-335,2767
hsa-mir-34a,2767
hsa-mir-362,2767
hsa-mir-362,2767
hsa-mir-363,2767
hsa-mir-365a,2767
hsa-mir-371a,2767
hsa-mir-372,2767
hsa-mir-373,2767
hsa-mir-383,2767
hsa-mir-424,2767
hsa-mir-450b,2767
hsa-mir-455,2767
hsa-mir-484,2767
hsa-mir-489,2767
hsa-mir-517a,2767
hsa-mir-517b,2767
hsa-mir-517c,2767
hsa-mir-518b,2767
hsa-mir-518c,2767
hsa-mir-518d,2767
hsa-mir-518e,2767
hsa-mir-518f,2767
hsa-mir-519b,2767
hsa-mir-519c,2767
hsa-mir-519d,2767
hsa-mir-520b,2767
hsa-mir-520c,2767
hsa-mir-520f,2767
hsa-mir-520g,2767
hsa-mir-520h,2767
hsa-mir-522,2767
hsa-mir-523,2767
hsa-mir-524,2767
hsa-mir-525,2767
hsa-mir-526b,2767
hsa-mir-576,2767
hsa-mir-582,2767
hsa-mir-708,2767
hsa-mir-935,2767
hsa-mir-99a,2767
hsa-mir-22,36314
hsa-mir-451a,2733526
hsa-mir-21,2767
hsa-mir-34a,2767
hsa-mir-7-1,123631
hsa-mir-15b,2767
hsa-mir-200b,2767
hsa-let-7d,2767
hsa-let-7d,36314
hsa-mir-122,2767
hsa-mir-122,31703
hsa-mir-1228,2767
hsa-mir-1246,2767
hsa-mir-1470,2767
hsa-mir-149,2767
hsa-mir-1908,2767
hsa-mir-224,2767
hsa-mir-27b,2767
hsa-mir-34a,2767
hsa-mir-638,2767
hsa-mir-663a,2767
hsa-mir-122,31703
hsa-mir-122,5978
hsa-mir-32,6253
hsa-mir-21,31703
hsa-let-7b,2733526
hsa-let-7i,2733526
hsa-mir-149,126941
hsa-mir-149,126941
hsa-mir-193b,126941
hsa-mir-193b,126941
hsa-mir-210,126941
hsa-mir-210,126941
hsa-mir-224,126941
hsa-mir-224,126941
hsa-mir-27b,126941
hsa-mir-27b,126941
hsa-mir-320a,126941
hsa-mir-320a,126941
hsa-mir-361,126941
hsa-mir-361,126941
hsa-mir-365a,126941
hsa-mir-365a,126941
hsa-mir-455,126941
hsa-mir-455,126941
hsa-mir-615,126941
hsa-mir-615,126941
hsa-mir-193b,11228183
hsa-mir-135b,2767
hsa-mir-135b,31703
hsa-mir-141,2767
hsa-mir-141,31703
hsa-mir-182,2767
hsa-mir-182,31703
hsa-mir-183,2767
hsa-mir-183,31703
hsa-mir-200b,2767
hsa-mir-200b,31703
hsa-mir-210,2767
hsa-mir-210,31703
hsa-mir-27b,2767
hsa-mir-27b,31703
hsa-mir-30b,2767
hsa-mir-30b,31703
hsa-mir-30d,2767
hsa-mir-30d,31703
hsa-mir-429,2767
hsa-mir-429,31703
hsa-mir-96,2767
hsa-mir-96,31703
hsa-mir-15a,5743
hsa-mir-15a,460612
hsa-mir-16-1,387447
hsa-let-7c,2767
hsa-mir-1299,2767
hsa-mir-193b,2767
hsa-mir-20b,2767
hsa-mir-300,2767
hsa-mir-542,2767
hsa-mir-625,2767
hsa-mir-642a,2767
hsa-mir-195,3385
hsa-mir-100,2733526
hsa-mir-106a,2733526
hsa-mir-107,2733526
hsa-mir-10a,2733526
hsa-mir-125a,2733526
hsa-mir-126,2733526
hsa-mir-141,2733526
hsa-mir-148b,2733526
hsa-mir-149,2733526
hsa-mir-151a,2733526
hsa-mir-17,2733526
hsa-mir-182,2733526
hsa-mir-183,2733526
hsa-mir-185,2733526
hsa-mir-18a,2733526
hsa-mir-18b,2733526
hsa-mir-193a,2733526
hsa-mir-193b,2733526
hsa-mir-197,2733526
hsa-mir-19a,2733526
hsa-mir-200a,2733526
hsa-mir-200b,2733526
hsa-mir-200c,2733526
hsa-mir-20a,2733526
hsa-mir-20b,2733526
hsa-mir-21,2733526
hsa-mir-21,2733526
hsa-mir-24-1,2733526
hsa-mir-324,2733526
hsa-mir-331,2733526
hsa-mir-339,2733526
hsa-mir-342,2733526
hsa-mir-345,2733526
hsa-mir-34a,2733526
hsa-mir-361,2733526
hsa-mir-365a,2733526
hsa-mir-374a,2733526
hsa-mir-374b,2733526
hsa-mir-378a,2733526
hsa-mir-423,2733526
hsa-mir-425,2733526
hsa-mir-429,2733526
hsa-mir-489,2733526
hsa-mir-510,2733526
hsa-mir-549a,2733526
hsa-mir-615,2733526
hsa-mir-625,2733526
hsa-mir-628,2733526
hsa-mir-665,2733526
hsa-mir-7-1,2733526
hsa-mir-744,2733526
hsa-mir-891a,2733526
hsa-mir-939,2733526
hsa-mir-96,2733526
hsa-mir-99b,2733526
hsa-mir-99b,2733526
hsa-mir-34a,31703
hsa-mir-34a,5978
hsa-mir-200b,2767
hsa-mir-200b,5978
hsa-mir-200c,2767
hsa-mir-200c,5978
hsa-mir-429,2767
hsa-mir-429,5978
hsa-mir-130b,2767
hsa-mir-130b,36314
hsa-mir-200c,2767
hsa-mir-506,97226
hsa-mir-135b,176870
hsa-mir-140,176870
hsa-mir-141,176870
hsa-mir-197,176870
hsa-mir-200b,176870
hsa-mir-200c,176870
hsa-mir-205,176870
hsa-mir-224,176870
hsa-mir-301a,176870
hsa-mir-34c,176870
hsa-mir-518f,176870
hsa-mir-628,176870
hsa-mir-636,176870
hsa-mir-433,36314
hsa-mir-145,2767
hsa-mir-145,5394
hsa-mir-200c,31703
hsa-mir-363,3385
hsa-mir-363,2767
hsa-mir-517a,3385
hsa-mir-517a,2767
hsa-mir-518f,3385
hsa-mir-518f,2767
hsa-mir-519e,3385
hsa-mir-519e,2767
hsa-mir-520a,3385
hsa-mir-520a,2767
hsa-mir-520d,3385
hsa-mir-520d,2767
hsa-mir-193a,3385
hsa-mir-100,148124
hsa-mir-1202,5310940
hsa-mir-1225,5310940
hsa-mir-1275,5310940
hsa-mir-1915,3385
hsa-mir-1915,31703
hsa-mir-1915,5746
hsa-mir-1915,5310940
hsa-mir-1915,5978
hsa-mir-297,31703
hsa-mir-297,5746
hsa-mir-297,5310940
hsa-mir-326,5310940
hsa-mir-630,5310940
hsa-mir-892b,5310940
hsa-mir-330,60750
hsa-mir-200b,148124
hsa-mir-30a,2767
hsa-mir-21,60750
hsa-mir-200b,2767
hsa-mir-200c,2767
hsa-mir-429,2767
hsa-mir-203a,2767
hsa-mir-122,387447
hsa-mir-122,31703
hsa-mir-21,2767
hsa-mir-21,2767
hsa-mir-142,5743
hsa-mir-145,5746
hsa-mir-122,3385
hsa-mir-10b,3385
hsa-mir-34c,36314
hsa-mir-210,9903
hsa-let-7b,3385
hsa-let-7c,3385
hsa-let-7e,3385
hsa-let-7g,3385
hsa-mir-106b,3385
hsa-mir-107,3385
hsa-mir-130b,3385
hsa-mir-130b,3385
hsa-mir-141,3385
hsa-mir-15a,3385
hsa-mir-15b,3385
hsa-mir-200c,3385
hsa-mir-20b,3385
hsa-mir-21,3385
hsa-mir-24-1,3385
hsa-mir-25,3385
hsa-mir-26b,3385
hsa-mir-29c,3385
hsa-mir-30b,3385
hsa-mir-30d,3385
hsa-mir-31,3385
hsa-mir-365a,3385
hsa-mir-425,3385
hsa-mir-429,3385
hsa-mir-96,3385
hsa-mir-30a,5291
hsa-mir-328,97226
hsa-mir-328,3385
hsa-mir-130a,2767
hsa-mir-93,2767
hsa-mir-214,123631
hsa-mir-375,2733526
hsa-mir-126,31703
hsa-mir-126,5978
hsa-mir-298,31703
hsa-let-7c,2767
hsa-let-7d,2767
hsa-let-7e,2767
hsa-let-7f-1,2767
hsa-let-7g,2767
hsa-let-7i,2767
hsa-mir-106a,2767
hsa-mir-106b,2767
hsa-mir-1290,2767
hsa-mir-130a,2767
hsa-mir-130a,2767
hsa-mir-133b,2767
hsa-mir-148b,2767
hsa-mir-15a,2767
hsa-mir-15b,2767
hsa-mir-16-1,2767
hsa-mir-17,2767
hsa-mir-181d,2767
hsa-mir-19a,2767
hsa-mir-20a,2767
hsa-mir-20b,2767
hsa-mir-22,2767
hsa-mir-221,2767
hsa-mir-222,2767
hsa-mir-224,2767
hsa-mir-23a,2767
hsa-mir-25,2767
hsa-mir-26b,2767
hsa-mir-27a,2767
hsa-mir-29a,2767
hsa-mir-30b,2767
hsa-mir-30e,2767
hsa-mir-3175,2767
hsa-mir-320a,2767
hsa-mir-320e,2767
hsa-mir-331,2767
hsa-mir-365a,2767
hsa-mir-3651,2767
hsa-mir-374a,2767
hsa-mir-374b,2767
hsa-mir-378a,2767
hsa-mir-423,2767
hsa-mir-4284,2767
hsa-mir-4289,2767
hsa-mir-744,2767
hsa-mir-98,2767
hsa-mir-99a,2767
hsa-mir-30a,5291
hsa-mir-1202,5310940
hsa-mir-1207,5310940
hsa-mir-1225,5310940
hsa-mir-1275,5310940
hsa-mir-1915,5310940
hsa-mir-221,5310940
hsa-mir-222,5310940
hsa-mir-297,31703
hsa-mir-297,5310940
hsa-mir-297,5978
hsa-mir-338,5310940
hsa-mir-630,5310940
hsa-mir-638,5310940
hsa-mir-892b,5310940
hsa-mir-939,5310940
hsa-mir-222,3385
hsa-mir-222,5310940
hsa-mir-222,5978
hsa-mir-497,3385
hsa-mir-497,2767
hsa-mir-708,31703
hsa-mir-708,36462
hsa-mir-337,148124
hsa-mir-337,36314
hsa-mir-193b,38904
hsa-mir-193b,2767
hsa-mir-21,5394
hsa-mir-96,2767
hsa-mir-96,23725625
hsa-mir-1-1,442972
hsa-mir-1-1,36314
hsa-mir-10a,442972
hsa-mir-10a,36314
hsa-mir-10b,442972
hsa-mir-10b,36314
hsa-mir-126,442972
hsa-mir-126,36314
hsa-mir-144,442972
hsa-mir-144,36314
hsa-mir-146a,442972
hsa-mir-146a,36314
hsa-mir-155,442972
hsa-mir-155,36314
hsa-mir-17,442972
hsa-mir-17,36314
hsa-mir-18a,442972
hsa-mir-18a,36314
hsa-mir-193b,442972
hsa-mir-193b,36314
hsa-mir-200c,442972
hsa-mir-200c,36314
hsa-mir-23b,442972
hsa-mir-23b,36314
hsa-mir-34a,442972
hsa-mir-34a,36314
hsa-mir-373,442972
hsa-mir-373,36314
hsa-mir-15a,387447
hsa-mir-15a,460612
hsa-mir-16-1,387447
hsa-mir-16-1,460612
hsa-let-7a-1,36314
hsa-let-7i,36314
hsa-mir-144,5291
hsa-mir-451a,5291
hsa-mir-130a,2767
hsa-mir-302a,2767
hsa-let-7b,2767
hsa-let-7c,2767
hsa-mir-10a,2767
hsa-mir-136,2767
hsa-mir-141,2767
hsa-mir-145,2767
hsa-mir-146a,2767
hsa-mir-202,2767
hsa-mir-204,2767
hsa-mir-489,2767
hsa-mir-545,2767
hsa-mir-96,2767
hsa-mir-99a,2767
hsa-mir-205,2767
hsa-mir-133b,123631
hsa-mir-195,3385
hsa-mir-24-1,2767
hsa-mir-24-1,36462
hsa-mir-296,60953
hsa-mir-296,5329102
hsa-let-7b,43815
hsa-let-7c,43815
hsa-let-7d,43815
hsa-mir-132,43815
hsa-mir-148a,43815
hsa-mir-151a,43815
hsa-mir-181c,43815
hsa-mir-192,43815
hsa-mir-193a,43815
hsa-mir-206,43815
hsa-mir-20b,43815
hsa-mir-212,43815
hsa-mir-21,43815
hsa-mir-30b,43815
hsa-mir-30b,43815
hsa-mir-30d,43815
hsa-mir-328,43815
hsa-mir-363,43815
hsa-mir-378a,43815
hsa-mir-425,43815
hsa-mir-466,43815
hsa-mir-485,43815
hsa-mir-500a,43815
hsa-mir-501,43815
hsa-mir-502,43815
hsa-mir-625,43815
hsa-mir-629,43815
hsa-mir-629,43815
hsa-mir-671,43815
hsa-mir-15b,2767
hsa-mir-16-1,2767
hsa-mir-155,2767
hsa-mir-16-1,2767
hsa-mir-195,2767
hsa-mir-424,2767
hsa-mir-497,2767
hsa-mir-378a,41867
hsa-mir-378a,126941
hsa-mir-127,2767
hsa-mir-142,2767
hsa-mir-193a,2767
hsa-mir-24-1,2767
hsa-mir-27a,2767
hsa-mir-296,2767
hsa-mir-492,2767
hsa-mir-576,2767
hsa-mir-625,2767
hsa-mir-639,2767
hsa-mir-642a,2767
hsa-mir-944,2767
hsa-mir-21,2767
hsa-mir-21,148124
hsa-mir-21,31703
hsa-mir-23b,5394
hsa-mir-200c,2767
hsa-mir-200c,24180719
hsa-mir-200c,3006531
hsa-mir-155,2767
hsa-mir-296,5291
hsa-mir-106a,36462
hsa-mir-150,36462
hsa-mir-184,36462
hsa-mir-198,36462
hsa-mir-202,36462
hsa-mir-23b,36462
hsa-mir-298,36462
hsa-mir-31,36462
hsa-mir-330,36462
hsa-mir-342,36462
hsa-mir-382,36462
hsa-mir-455,36462
hsa-mir-484,36462
hsa-mir-487b,36462
hsa-mir-491,36462
hsa-mir-503,36462
hsa-mir-518d,36462
hsa-mir-518f,36462
hsa-mir-523,36462
hsa-mir-542,36462
hsa-mir-758,36462
hsa-mir-885,36462
hsa-mir-34a,2767
hsa-mir-155,2767
hsa-mir-200c,148124
hsa-mir-205,148124
hsa-mir-100,2767
hsa-mir-10b,2767
hsa-mir-130a,2767
hsa-mir-135b,2767
hsa-mir-141,2767
hsa-mir-17,2767
hsa-mir-186,2767
hsa-mir-18b,2767
hsa-mir-199b,2767
hsa-mir-19a,2767
hsa-mir-200c,2767
hsa-mir-20b,2767
hsa-mir-214,2767
hsa-mir-215,2767
hsa-mir-222,2767
hsa-mir-335,2767
hsa-mir-338,2767
hsa-mir-412,2767
hsa-mir-421,2767
hsa-mir-493,2767
hsa-mir-518e,2767
hsa-mir-631,2767
hsa-mir-645,2767
hsa-mir-942,2767
hsa-mir-10a,60750
hsa-mir-10b,60750
hsa-mir-134,60750
hsa-mir-143,60750
hsa-mir-146a,60750
hsa-mir-146b,60750
hsa-mir-15a,60750
hsa-mir-190b,60750
hsa-mir-205,60750
hsa-mir-214,60750
hsa-mir-32,60750
hsa-mir-34a,60750
hsa-mir-7-1,60750
hsa-mir-200c,36314
hsa-mir-21,2767
hsa-mir-34a,31703
hsa-mir-30d,444732
hsa-mir-29c,2767
hsa-mir-204,3385
hsa-mir-204,5310940
hsa-mir-146a,3385
hsa-mir-146a,60953
hsa-mir-196b,3385
hsa-mir-196b,60953
hsa-mir-215,3385
hsa-mir-215,60953
hsa-mir-21,60750
hsa-mir-137,31703
hsa-mir-137,36314
hsa-mir-137,5978
hsa-mir-211,5394
hsa-mir-141,5329102
hsa-mir-200c,31703
hsa-mir-146a,38904
hsa-mir-146a,2767
hsa-mir-146a,31703
hsa-mir-146a,5746
hsa-mir-146a,5978
hsa-mir-146b,38904
hsa-mir-146b,2767
hsa-mir-146b,31703
hsa-mir-146b,5746
hsa-mir-146b,5978
hsa-mir-181d,38904
hsa-mir-181d,2767
hsa-mir-181d,31703
hsa-mir-181d,5746
hsa-mir-181d,5978
hsa-mir-186,38904
hsa-mir-186,2767
hsa-mir-186,31703
hsa-mir-186,5746
hsa-mir-186,5978
hsa-mir-1908,38904
hsa-mir-1908,2767
hsa-mir-1908,31703
hsa-mir-1908,5746
hsa-mir-1908,5978
hsa-mir-1915,38904
hsa-mir-1915,2767
hsa-mir-1915,31703
hsa-mir-1915,5746
hsa-mir-1915,5978
hsa-mir-193b,38904
hsa-mir-193b,2767
hsa-mir-193b,31703
hsa-mir-193b,5746
hsa-mir-193b,5978
hsa-mir-22,38904
hsa-mir-22,2767
hsa-mir-22,31703
hsa-mir-22,5746
hsa-mir-22,5978
hsa-mir-23a,38904
hsa-mir-23a,2767
hsa-mir-23a,31703
hsa-mir-23a,5746
hsa-mir-23a,5978
hsa-mir-26b,38904
hsa-mir-26b,2767
hsa-mir-26b,31703
hsa-mir-26b,5746
hsa-mir-26b,5978
hsa-mir-27b,38904
hsa-mir-27b,2767
hsa-mir-27b,31703
hsa-mir-27b,5746
hsa-mir-27b,5978
hsa-mir-300,38904
hsa-mir-300,2767
hsa-mir-300,31703
hsa-mir-300,5746
hsa-mir-300,5978
hsa-mir-30b,38904
hsa-mir-30b,2767
hsa-mir-30b,31703
hsa-mir-30b,5746
hsa-mir-30b,5978
hsa-mir-3183,38904
hsa-mir-3183,2767
hsa-mir-3183,31703
hsa-mir-3183,5746
hsa-mir-3183,5978
hsa-mir-4258,38904
hsa-mir-4258,2767
hsa-mir-4258,31703
hsa-mir-4258,5746
hsa-mir-4258,5978
hsa-mir-4285,38904
hsa-mir-4285,2767
hsa-mir-4285,31703
hsa-mir-4285,5746
hsa-mir-4285,5978
hsa-mir-4311,38904
hsa-mir-4311,2767
hsa-mir-4311,31703
hsa-mir-4311,5746
hsa-mir-4311,5978
hsa-mir-485,38904
hsa-mir-485,2767
hsa-mir-485,31703
hsa-mir-485,5746
hsa-mir-485,5978
hsa-mir-584,38904
hsa-mir-584,2767
hsa-mir-584,31703
hsa-mir-584,5746
hsa-mir-584,5978
hsa-mir-612,38904
hsa-mir-612,2767
hsa-mir-612,31703
hsa-mir-612,5746
hsa-mir-612,5978
hsa-mir-630,38904
hsa-mir-630,2767
hsa-mir-630,31703
hsa-mir-630,5746
hsa-mir-630,5978
hsa-mir-99b,38904
hsa-mir-99b,2767
hsa-mir-99b,31703
hsa-mir-99b,5746
hsa-mir-99b,5978
hsa-mir-155,104741
hsa-mir-155,2733526
hsa-mir-21,2907
hsa-mir-21,31703
hsa-mir-21,5865
hsa-mir-21,5978
hsa-mir-155,2767
hsa-mir-125a,60750
hsa-mir-21,60750
hsa-mir-495,60750
hsa-mir-605,60750
hsa-mir-638,60750
hsa-mir-1250,5329102
hsa-mir-139,5329102
hsa-mir-141,5329102
hsa-mir-145,5329102
hsa-mir-150,5329102
hsa-mir-1825,5329102
hsa-mir-192,5329102
hsa-mir-193a,5329102
hsa-mir-29a,5329102
hsa-mir-30b,5329102
hsa-mir-31,5329102
hsa-mir-34a,5329102
hsa-mir-362,5329102
hsa-mir-370,5329102
hsa-mir-501,5329102
hsa-mir-505,5329102
hsa-mir-564,5329102
hsa-mir-582,5329102
hsa-mir-624,5329102
hsa-mir-629,5329102
hsa-mir-659,5329102
hsa-mir-933,5329102
hsa-mir-152,2767
hsa-mir-185,2767
hsa-mir-125a,36314
hsa-let-7a-1,60750
hsa-mir-214,2767
hsa-mir-30a,31703
hsa-mir-30a,36314
hsa-mir-1277,31703
hsa-mir-1293,31703
hsa-mir-139,31703
hsa-mir-203a,31703
hsa-mir-21,31703
hsa-mir-2116,31703
hsa-mir-2277,31703
hsa-mir-2682,31703
hsa-mir-296,31703
hsa-mir-302a,31703
hsa-mir-3117,31703
hsa-mir-3186,31703
hsa-mir-335,31703
hsa-mir-338,31703
hsa-mir-362,31703
hsa-mir-3654,31703
hsa-mir-365a,31703
hsa-mir-365b,31703
hsa-mir-3660,31703
hsa-mir-3674,31703
hsa-mir-3679,31703
hsa-mir-4426,31703
hsa-mir-4427,31703
hsa-mir-4448,31703
hsa-mir-4454,31703
hsa-mir-4485,31703
hsa-mir-4488,31703
hsa-mir-4501,31703
hsa-mir-4687,31703
hsa-mir-500a,31703
hsa-mir-500b,31703
hsa-mir-551b,31703
hsa-mir-577,31703
hsa-mir-642a,31703
hsa-mir-877,31703
hsa-mir-944,31703
hsa-mir-31,31703
hsa-mir-31,5329102
hsa-mir-221,2767
hsa-mir-17,148124
hsa-mir-34c,36314
hsa-mir-663a,2907
hsa-mir-663a,148124
hsa-mir-17,5284616
hsa-mir-205,2767
hsa-mir-205,31703
hsa-mir-205,176870
hsa-mir-205,25183872
hsa-mir-21,2767
hsa-mir-216a,216239
hsa-mir-217,216239
hsa-mir-10b,2767
hsa-let-7c,31703
hsa-mir-93,31703
hsa-mir-223,60606
hsa-mir-27b,5310940
hsa-mir-625,5310940
hsa-mir-1224,3385
hsa-mir-1224,2767
hsa-mir-1224,31703
hsa-mir-1224,5978
hsa-mir-1229,3385
hsa-mir-1229,2767
hsa-mir-1229,31703
hsa-mir-1229,5978
hsa-mir-1238,3385
hsa-mir-1238,2767
hsa-mir-1238,31703
hsa-mir-1238,5978
hsa-mir-133b,3385
hsa-mir-133b,2767
hsa-mir-133b,31703
hsa-mir-133b,5978
hsa-mir-190a,3385
hsa-mir-190a,2767
hsa-mir-190a,31703
hsa-mir-190a,5978
hsa-mir-197,3385
hsa-mir-197,2767
hsa-mir-197,31703
hsa-mir-197,5978
hsa-mir-210,3385
hsa-mir-210,2767
hsa-mir-210,31703
hsa-mir-210,5978
hsa-mir-22,3385
hsa-mir-22,2767
hsa-mir-22,31703
hsa-mir-22,5978
hsa-mir-31,3385
hsa-mir-31,2767
hsa-mir-31,31703
hsa-mir-31,5978
hsa-mir-3131,3385
hsa-mir-3131,2767
hsa-mir-3131,31703
hsa-mir-3131,5978
hsa-mir-3149,3385
hsa-mir-3149,2767
hsa-mir-3149,31703
hsa-mir-3149,5978
hsa-mir-3162,3385
hsa-mir-3162,2767
hsa-mir-3162,31703
hsa-mir-3162,5978
hsa-mir-32,3385
hsa-mir-32,2767
hsa-mir-32,31703
hsa-mir-32,5978
hsa-mir-4701,3385
hsa-mir-4701,2767
hsa-mir-4701,31703
hsa-mir-4701,5978
hsa-mir-4728,3385
hsa-mir-4728,2767
hsa-mir-4728,31703
hsa-mir-4728,5978
hsa-mir-4763,3385
hsa-mir-4763,2767
hsa-mir-4763,31703
hsa-mir-4763,5978
hsa-mir-501,3385
hsa-mir-501,2767
hsa-mir-501,31703
hsa-mir-501,5978
hsa-mir-532,3385
hsa-mir-532,2767
hsa-mir-532,31703
hsa-mir-532,5978
hsa-mir-615,3385
hsa-mir-615,2767
hsa-mir-615,31703
hsa-mir-615,5978
hsa-mir-766,3385
hsa-mir-766,2767
hsa-mir-766,31703
hsa-mir-766,5978
hsa-mir-877,3385
hsa-mir-877,2767
hsa-mir-877,31703
hsa-mir-877,5978
hsa-mir-195,31703
hsa-mir-21,31703
hsa-mir-200c,31703
hsa-mir-146a,2767
hsa-mir-150,2767
hsa-mir-146a,10184653
hsa-mir-146a,91820602
hsa-mir-146a,176870
hsa-mir-146a,123631
hsa-let-7c,148124
hsa-mir-21,60750
hsa-mir-143,5310940
hsa-mir-223,3385
hsa-mir-223,3385
hsa-mir-223,2767
hsa-mir-223,2767
hsa-mir-19a,31703
hsa-mir-19a,5978
hsa-mir-221,56842234
hsa-mir-221,104741
hsa-mir-222,56842234
hsa-mir-222,104741
hsa-mir-16-1,5978
hsa-mir-203a,5291
hsa-mir-142,3385
hsa-mir-302a,2767
hsa-mir-200b,104741
hsa-mir-200b,2733526
hsa-mir-200b,2733526
hsa-mir-200c,104741
hsa-mir-200c,2733526
hsa-mir-200c,2733526
hsa-mir-155,36314
hsa-mir-22,36314
hsa-mir-320a,36314
hsa-mir-640,36314
hsa-mir-9-1,36314
hsa-mir-135b,2767
hsa-let-7a-1,6253
hsa-mir-1291,31703
hsa-mir-342,36314
hsa-mir-375,444795
hsa-mir-106b,38904
hsa-mir-106b,36314
hsa-mir-19a,38904
hsa-mir-19a,36314
hsa-mir-217,38904
hsa-mir-217,36314
hsa-mir-302d,38904
hsa-mir-302d,36314
hsa-mir-483,38904
hsa-mir-483,36314
hsa-mir-484,38904
hsa-mir-484,36314
hsa-mir-491,38904
hsa-mir-491,36314
hsa-mir-592,38904
hsa-mir-592,36314
hsa-mir-642a,38904
hsa-mir-642a,36314
hsa-mir-653,38904
hsa-mir-653,36314
hsa-mir-671,38904
hsa-mir-671,36314
hsa-mir-744,38904
hsa-mir-744,36314
hsa-mir-10a,2767
hsa-mir-125a,2767
hsa-mir-132,2767
hsa-mir-136,2767
hsa-mir-147a,2767
hsa-mir-155,2767
hsa-mir-181d,2767
hsa-mir-183,2767
hsa-mir-186,2767
hsa-mir-195,2767
hsa-mir-198,2767
hsa-mir-320a,2767
hsa-mir-374a,2767
hsa-mir-375,2767
hsa-mir-518c,2767
hsa-mir-541,2767
hsa-mir-551b,2767
hsa-mir-601,2767
hsa-mir-876,2767
hsa-mir-98,2767
hsa-mir-214,31703
hsa-mir-483,31703
hsa-mir-485,657237
hsa-mir-223,2767
hsa-mir-223,31703
hsa-mir-223,5746
hsa-mir-195,31703
hsa-mir-200a,969516
hsa-mir-200b,969516
hsa-mir-210,36314
hsa-mir-375,36314
hsa-mir-10b,3385
hsa-mir-10b,2767
hsa-mir-10b,5978
hsa-mir-25,3385
hsa-mir-25,2767
hsa-mir-25,5978
hsa-mir-424,3385
hsa-mir-424,2767
hsa-mir-424,5978
hsa-mir-494,3385
hsa-mir-494,2767
hsa-mir-494,5978
hsa-mir-93,3385
hsa-mir-93,2767
hsa-mir-93,5978
hsa-mir-93,3385
hsa-mir-93,2767
hsa-mir-93,5978
hsa-mir-17,5394
hsa-let-7b,2767
hsa-mir-200c,148124
hsa-mir-106a,36314
hsa-mir-591,36314
hsa-mir-381,3385
hsa-mir-17,3062316
hsa-mir-17,5291
hsa-mir-17,644241
hsa-mir-200c,2767
hsa-mir-21,2767
hsa-let-7b,36314
hsa-mir-1197,36314
hsa-mir-1200,36314
hsa-mir-1250,36314
hsa-mir-1264,36314
hsa-mir-1265,36314
hsa-mir-1277,36314
hsa-mir-1291,36314
hsa-mir-130a,36314
hsa-mir-130b,36314
hsa-mir-140,36314
hsa-mir-15a,36314
hsa-mir-188,36314
hsa-mir-193b,36314
hsa-mir-195,36314
hsa-mir-200a,36314
hsa-mir-200b,36314
hsa-mir-20b,36314
hsa-mir-210,36314
hsa-mir-2114,36314
hsa-mir-214,36314
hsa-mir-221,36314
hsa-mir-2277,36314
hsa-mir-2278,36314
hsa-mir-23c,36314
hsa-mir-27b,36314
hsa-mir-28,36314
hsa-mir-296,36314
hsa-mir-29c,36314
hsa-mir-302b,36314
hsa-mir-3065,36314
hsa-mir-3074,36314
hsa-mir-30a,36314
hsa-mir-31,36314
hsa-mir-3144,36314
hsa-mir-3153,36314
hsa-mir-3161,36314
hsa-mir-3163,36314
hsa-mir-3164,36314
hsa-mir-3167,36314
hsa-mir-3168,36314
hsa-mir-3173,36314
hsa-mir-146b,2767
hsa-mir-148a,2767
hsa-mir-155,2767
hsa-mir-183,2767
hsa-mir-185,2767
hsa-mir-18a,2767
hsa-mir-199b,2767
hsa-mir-203a,2767
hsa-mir-206,2767
hsa-mir-214,2767
hsa-mir-22,2767
hsa-mir-221,2767
hsa-mir-25,2767
hsa-mir-27a,2767
hsa-mir-296,2767
hsa-mir-297,2767
hsa-mir-29c,2767
hsa-mir-339,2767
hsa-mir-34c,2767
hsa-mir-362,2767
hsa-mir-374a,2767
hsa-mir-382,2767
hsa-mir-429,2767
hsa-mir-429,2767
hsa-mir-455,2767
hsa-mir-485,2767
hsa-mir-485,2767
hsa-mir-574,2767
hsa-mir-603,2767
hsa-mir-610,2767
hsa-mir-630,2767
hsa-mir-637,2767
hsa-mir-659,2767
hsa-mir-7-1,2767
hsa-mir-760,2767
hsa-mir-885,2767
hsa-mir-920,2767
hsa-mir-92b,2767
hsa-mir-98,2767
hsa-mir-21,31703
hsa-mir-21,36462
hsa-mir-200c,31703
hsa-mir-503,2767
hsa-mir-34a,216239
hsa-mir-181c,5291
hsa-mir-487a,4212
hsa-mir-335,5755
hsa-mir-508,3385
hsa-mir-508,2767
hsa-mir-508,31703
hsa-mir-508,5978
hsa-mir-21,3385
hsa-mir-21,5310940
hsa-mir-29a,60750
hsa-mir-29a,2767
hsa-mir-106a,2767
hsa-mir-433,3385
hsa-mir-100,5978
hsa-mir-99a,5978
hsa-mir-135b,176870
hsa-mir-135b,9826528
hsa-mir-139,176870
hsa-mir-139,9826528
hsa-mir-141,176870
hsa-mir-141,9826528
hsa-mir-155,176870
hsa-mir-155,9826528
hsa-mir-200a,176870
hsa-mir-200a,9826528
hsa-mir-200b,176870
hsa-mir-200b,9826528
hsa-mir-200c,176870
hsa-mir-200c,9826528
hsa-mir-429,176870
hsa-mir-429,9826528
hsa-mir-20a,2767
hsa-mir-20a,148124
hsa-mir-223,31703
hsa-mir-223,36314
hsa-mir-106a,31703
hsa-mir-106a,5978
hsa-mir-137,31703
hsa-let-7i,60750
hsa-mir-100,60750
hsa-mir-106a,60750
hsa-mir-1246,60750
hsa-mir-125a,60750
hsa-mir-1275,60750
hsa-mir-1290,60750
hsa-mir-130a,60750
hsa-mir-130b,60750
hsa-mir-151a,60750
hsa-mir-15a,60750
hsa-mir-16-1,60750
hsa-mir-17,60750
hsa-mir-18a,60750
hsa-mir-18b,60750
hsa-mir-195,60750
hsa-mir-19a,60750
hsa-mir-208a,60750
hsa-mir-20a,60750
hsa-mir-20b,60750
hsa-mir-21,60750
hsa-mir-22,60750
hsa-mir-221,60750
hsa-mir-222,60750
hsa-mir-28,60750
hsa-mir-29c,60750
hsa-mir-301a,60750
hsa-mir-487b,60750
hsa-mir-549a,60750
hsa-mir-602,60750
hsa-mir-665,60750
hsa-mir-765,60750
hsa-mir-99b,60750
hsa-mir-200c,176870
hsa-mir-21,176870
hsa-mir-146a,36314
hsa-mir-126,5310940
hsa-mir-650,148124
hsa-mir-222,148124
hsa-mir-222,31703
hsa-mir-29a,148124
hsa-mir-29a,31703
hsa-mir-30a,148124
hsa-mir-30a,31703
hsa-mir-149,148124
hsa-mir-149,31703
hsa-mir-34a,3385
hsa-mir-34a,54671203
hsa-mir-27a,3385
hsa-mir-34a,176870
hsa-mir-495,38904
hsa-mir-495,2767
hsa-mir-495,5310940
hsa-mir-200c,3385
hsa-mir-203a,3385
hsa-mir-10a,2767
hsa-mir-10a,60780
hsa-mir-125a,60750
hsa-mir-130a,60750
hsa-mir-195,60750
hsa-mir-200c,60750
hsa-mir-203a,60750
hsa-mir-24-2,60750
hsa-mir-25,60750
hsa-mir-30a,60750
hsa-mir-375,2767
hsa-mir-375,60780
hsa-mir-885,60750
hsa-mir-29c,148124
hsa-mir-34a,2767
hsa-mir-9-1,5394
hsa-mir-205,2767
hsa-mir-107,24360
hsa-mir-107,2767
hsa-mir-107,36462
hsa-mir-107,23725625
hsa-mir-92b,2767
hsa-mir-31,2767
hsa-let-7e,2767
hsa-mir-23a,36462
hsa-mir-187,387447
hsa-mir-187,2767
hsa-mir-187,2907
hsa-mir-187,31703
hsa-mir-187,60750
hsa-mir-106a,2767
hsa-let-7a-1,5310940
hsa-let-7a-1,5310940
hsa-let-7a-2,5310940
hsa-let-7c,5310940
hsa-let-7d,5310940
hsa-let-7e,5310940
hsa-let-7e,5310940
hsa-let-7i,5310940
hsa-mir-1-1,5310940
hsa-mir-100,5310940
hsa-mir-106a,5310940
hsa-mir-106a,5310940
hsa-mir-106b,5310940
hsa-mir-107,5310940
hsa-mir-10a,5310940
hsa-mir-10b,5310940
hsa-mir-1178,5310940
hsa-mir-1179,5310940
hsa-mir-1181,5310940
hsa-mir-1182,5310940
hsa-mir-1182,5310940
hsa-mir-1183,5310940
hsa-mir-1183,5310940
hsa-mir-1183,5310940
hsa-mir-1200,5310940
hsa-mir-1206,5310940
hsa-mir-1207,5310940
hsa-mir-122,5310940
hsa-mir-122,5310940
hsa-mir-122,5310940
hsa-mir-1224,5310940
hsa-mir-1229,5310940
hsa-mir-1229,5310940
hsa-mir-1236,5310940
hsa-mir-1236,5310940
hsa-mir-1238,5310940
hsa-mir-1246,5310940
hsa-mir-1247,5310940
hsa-mir-1250,5310940
hsa-mir-1257,5310940
hsa-mir-1257,5310940
hsa-mir-1257,5310940
hsa-mir-1258,5310940
hsa-mir-1258,5310940
hsa-mir-126,5310940
hsa-mir-126,5310940
hsa-mir-1264,5310940
hsa-mir-1264,5310940
hsa-mir-1265,5310940
hsa-mir-1265,5310940
hsa-mir-1267,5310940
hsa-mir-1267,5310940
hsa-mir-127,5310940
hsa-mir-1270,5310940
hsa-mir-1270,5310940
hsa-mir-1275,5310940
hsa-mir-1281,5310940
hsa-mir-1287,5310940
hsa-mir-1290,5310940
hsa-mir-1292,5310940
hsa-mir-1293,5310940
hsa-mir-1293,5310940
hsa-mir-1297,5310940
hsa-mir-1297,5310940
hsa-mir-1299,5310940
hsa-mir-1301,5310940
hsa-mir-1303,5310940
hsa-mir-1303,5310940
hsa-mir-1304,5310940
hsa-mir-1306,5310940
hsa-mir-1306,5310940
hsa-mir-130a,5310940
hsa-mir-130a,5310940
hsa-mir-1321,5310940
hsa-mir-1323,5310940
hsa-mir-142,5310940
hsa-mir-1468,5310940
hsa-mir-1468,5310940
hsa-mir-147a,5310940
hsa-mir-147a,5310940
hsa-mir-150,5310940
hsa-mir-151a,5310940
hsa-mir-155,5310940
hsa-mir-15a,5310940
hsa-mir-15b,5310940
hsa-mir-16-1,5310940
hsa-mir-16-2,5310940
hsa-mir-17,5310940
hsa-mir-17,5310940
hsa-mir-181d,5310940
hsa-mir-182,5310940
hsa-mir-182,5310940
hsa-mir-184,5310940
hsa-mir-185,5310940
hsa-mir-185,5310940
hsa-mir-186,5310940
hsa-mir-1908,5310940
hsa-mir-1908,5310940
hsa-mir-191,5310940
hsa-mir-191,5310940
hsa-mir-1910,5310940
hsa-mir-1910,5310940
hsa-mir-192,5310940
hsa-mir-193a,5310940
hsa-mir-193b,5310940
hsa-mir-195,5310940
hsa-mir-196b,5310940
hsa-mir-197,5310940
hsa-mir-197,5310940
hsa-mir-198,5310940
hsa-mir-199b,5310940
hsa-mir-200a,5310940
hsa-mir-200a,5310940
hsa-mir-200a,5310940
hsa-mir-200b,5310940
hsa-mir-200c,5310940
hsa-mir-202,5310940
hsa-mir-203a,5310940
hsa-mir-205,5310940
hsa-mir-205,5310940
hsa-mir-206,5310940
hsa-mir-206,5310940
hsa-mir-20a,5310940
hsa-mir-20a,5310940
hsa-mir-20b,5310940
hsa-mir-20b,5310940
hsa-mir-21,5310940
hsa-mir-214,5310940
hsa-mir-215,5310940
hsa-mir-221,5310940
hsa-mir-222,5310940
hsa-mir-224,5310940
hsa-mir-25,5310940
hsa-mir-25,5310940
hsa-mir-26b,5310940
hsa-mir-27a,5310940
hsa-mir-29a,5310940
hsa-mir-29c,5310940
hsa-mir-301a,5310940
hsa-mir-30a,5310940
hsa-mir-30b,5310940
hsa-mir-30b,5310940
hsa-mir-30d,5310940
hsa-mir-30e,5310940
hsa-mir-31,5310940
hsa-mir-32,5310940
hsa-mir-32,5310940
hsa-mir-32,5310940
hsa-mir-320a,5310940
hsa-mir-320a,5310940
hsa-mir-324,5310940
hsa-mir-324,5310940
hsa-mir-326,5310940
hsa-mir-326,5310940
hsa-mir-328,5310940
hsa-mir-335,5310940
hsa-mir-335,5310940
hsa-mir-339,5310940
hsa-mir-33b,5310940
hsa-mir-33b,5310940
hsa-mir-33b,5310940
hsa-mir-342,5310940
hsa-mir-342,5310940
hsa-mir-345,5310940
hsa-mir-34a,5310940
hsa-mir-34a,5310940
hsa-mir-34b,5310940
hsa-mir-34b,5310940
hsa-mir-34c,5310940
hsa-mir-361,5310940
hsa-mir-361,5310940
hsa-mir-362,5310940
hsa-mir-363,5310940
hsa-mir-365a,5310940
hsa-mir-371a,5310940
hsa-mir-373,5310940
hsa-mir-375,5310940
hsa-mir-375,5310940
hsa-mir-382,5310940
hsa-mir-382,5310940
hsa-mir-383,5310940
hsa-mir-383,5310940
hsa-mir-412,5310940
hsa-mir-412,5310940
hsa-mir-421,5310940
hsa-mir-421,5310940
hsa-mir-423,5310940
hsa-mir-425,5310940
hsa-mir-429,5310940
hsa-mir-429,5310940
hsa-mir-433,5310940
hsa-mir-449b,5310940
hsa-mir-449b,5310940
hsa-mir-483,5310940
hsa-mir-483,5310940
hsa-mir-494,5310940
hsa-mir-499a,5310940
hsa-mir-502,5310940
hsa-mir-504,5310940
hsa-mir-504,5310940
hsa-mir-541,5310940
hsa-mir-541,5310940
hsa-mir-548m,5310940
hsa-mir-557,5310940
hsa-mir-558,5310940
hsa-mir-558,5310940
hsa-mir-561,5310940
hsa-mir-572,5310940
hsa-mir-576,5310940
hsa-mir-576,5310940
hsa-mir-581,5310940
hsa-mir-584,5310940
hsa-mir-584,5310940
hsa-mir-585,5310940
hsa-mir-585,5310940
hsa-mir-587,5310940
hsa-mir-591,5310940
hsa-mir-593,5310940
hsa-mir-595,5310940
hsa-mir-595,5310940
hsa-mir-595,5310940
hsa-mir-598,5310940
hsa-mir-601,5310940
hsa-mir-601,5310940
hsa-mir-602,5310940
hsa-mir-603,5310940
hsa-mir-609,5310940
hsa-mir-609,5310940
hsa-mir-609,5310940
hsa-mir-611,5310940
hsa-mir-613,5310940
hsa-mir-613,5310940
hsa-mir-616,5310940
hsa-mir-619,5310940
hsa-mir-619,5310940
hsa-mir-625,5310940
hsa-mir-627,5310940
hsa-mir-631,5310940
hsa-mir-634,5310940
hsa-mir-639,5310940
hsa-mir-657,5310940
hsa-mir-657,5310940
hsa-mir-657,5310940
hsa-mir-658,5310940
hsa-mir-660,5310940
hsa-mir-661,5310940
hsa-mir-661,5310940
hsa-mir-663a,5310940
hsa-mir-663b,5310940
hsa-mir-664a,5310940
hsa-mir-664a,5310940
hsa-mir-675,5310940
hsa-mir-675,5310940
hsa-mir-7-1,5310940
hsa-mir-7-1,5310940
hsa-mir-7-3,5310940
hsa-mir-7-3,5310940
hsa-mir-760,5310940
hsa-mir-765,5310940
hsa-mir-765,5310940
hsa-mir-766,5310940
hsa-mir-769,5310940
hsa-mir-770,5310940
hsa-mir-770,5310940
hsa-mir-876,5310940
hsa-mir-876,5310940
hsa-mir-877,5310940
hsa-mir-877,5310940
hsa-mir-877,5310940
hsa-mir-885,5310940
hsa-mir-9-1,5310940
hsa-mir-92b,5310940
hsa-mir-92b,5310940
hsa-mir-92b,5310940
hsa-mir-93,5310940
hsa-mir-93,5310940
hsa-mir-93,5310940
hsa-mir-935,5310940
hsa-mir-936,5310940
hsa-mir-936,5310940
hsa-mir-940,5310940
hsa-mir-99a,5310940
hsa-mir-99b,5310940
hsa-mir-130a,2767
hsa-let-7a-1,60750
hsa-let-7f-2,60750
hsa-mir-141,60750
hsa-mir-143,60750
hsa-mir-200a,60750
hsa-mir-200b,60750
hsa-mir-200c,60750
hsa-mir-205,60750
hsa-mir-221,60750
hsa-mir-222,60750
hsa-mir-377,60750
hsa-mir-429,60750
hsa-mir-452,60750
hsa-mir-589,60750
hsa-mir-597,60750
hsa-mir-708,60750
hsa-mir-99b,60750
hsa-mir-370,285033
hsa-mir-16-1,60750
hsa-mir-21,9903
hsa-let-7i,36314
hsa-mir-106b,36314
hsa-mir-10a,36314
hsa-mir-10b,36314
hsa-mir-1204,36314
hsa-mir-125a,36314
hsa-mir-126,36314
hsa-mir-127,36314
hsa-mir-1296,36314
hsa-mir-130b,36314
hsa-mir-130b,36314
hsa-mir-132,36314
hsa-mir-133b,36314
hsa-mir-134,36314
hsa-mir-139,36314
hsa-mir-141,36314
hsa-mir-143,36314
hsa-mir-143,36314
hsa-mir-145,36314
hsa-mir-155,36314
hsa-mir-182,36314
hsa-mir-187,36314
hsa-mir-18a,36314
hsa-mir-1908,36314
hsa-mir-1908,60780
hsa-mir-197,60780
hsa-mir-199b,60780
hsa-mir-200c,60780
hsa-mir-23b,60780
hsa-mir-346,36314
hsa-mir-34c,60780
hsa-mir-361,36314
hsa-mir-363,60780
hsa-mir-374a,60780
hsa-mir-432,60780
hsa-mir-513b,60780
hsa-mir-517a,60780
hsa-mir-517c,60780
hsa-mir-518e,60780
hsa-mir-518f,60780
hsa-mir-519b,60780
hsa-mir-519c,60780
hsa-mir-519e,60780
hsa-mir-522,60780
hsa-mir-523,60780
hsa-mir-582,60780
hsa-mir-585,60780
hsa-mir-586,60780
hsa-mir-605,36314
hsa-mir-610,36314
hsa-mir-615,36314
hsa-mir-625,36314
hsa-mir-671,36314
hsa-mir-767,36314
hsa-mir-769,36314
hsa-mir-875,36314
hsa-mir-885,36314
hsa-mir-920,36314
hsa-mir-922,36314
hsa-mir-933,36314
hsa-mir-938,36314
hsa-mir-9-1,9931953
hsa-mir-9-1,2767
hsa-mir-200b,3385
hsa-mir-200c,3385
hsa-mir-200b,122724
hsa-mir-21,2767
hsa-mir-10b,123631
hsa-mir-21,123631
hsa-let-7c,176870
hsa-mir-200b,176870
hsa-mir-29a,2767
hsa-mir-365a,60750
hsa-mir-135b,5291
hsa-mir-140,5291
hsa-mir-151a,5291
hsa-mir-15a,5291
hsa-mir-16-1,5291
hsa-mir-195,5291
hsa-mir-320a,5291
hsa-mir-335,5291
hsa-mir-483,5291
hsa-mir-574,5291
hsa-mir-664a,5291
hsa-let-7e,36314
hsa-let-7e,36314
hsa-mir-106a,36314
hsa-mir-106a,36314
hsa-mir-125a,36314
hsa-mir-126,36314
hsa-mir-130a,36314
hsa-mir-130b,36314
hsa-mir-134,36314
hsa-mir-141,36314
hsa-mir-142,36314
hsa-mir-148a,36314
hsa-mir-17,36314
hsa-mir-17,36314
hsa-mir-192,36314
hsa-mir-193b,36314
hsa-mir-195,36314
hsa-mir-29c,36314
hsa-mir-30a,36314
hsa-mir-30a,36314
hsa-mir-320a,36314
hsa-mir-338,36314
hsa-mir-367,36314
hsa-mir-373,36314
hsa-mir-374a,36314
hsa-mir-376b,36314
hsa-mir-377,36314
hsa-mir-489,36314
hsa-mir-7-1,36314
hsa-mir-95,36314
hsa-mir-99b,36314
hsa-mir-145,42611257
hsa-mir-23a,3385
hsa-mir-134,123631
hsa-mir-487b,123631
hsa-let-7c,123631
hsa-mir-21,3385
hsa-mir-221,9903
hsa-mir-30b,176870
hsa-mir-30b,123631
hsa-mir-127,31703
hsa-mir-135b,31703
hsa-mir-146a,31703
hsa-mir-149,31703
hsa-mir-184,31703
hsa-mir-202,31703
hsa-mir-299,31703
hsa-mir-3117,31703
hsa-mir-323a,31703
hsa-mir-338,31703
hsa-mir-3681,31703
hsa-mir-3681,31703
hsa-mir-369,31703
hsa-mir-375,31703
hsa-mir-376b,31703
hsa-mir-376c,31703
hsa-mir-377,31703
hsa-mir-379,31703
hsa-mir-380,31703
hsa-mir-381,31703
hsa-mir-383,31703
hsa-mir-409,31703
hsa-mir-410,31703
hsa-mir-411,31703
hsa-mir-485,31703
hsa-mir-487b,31703
hsa-mir-488,31703
hsa-mir-489,31703
hsa-mir-494,31703
hsa-mir-495,31703
hsa-mir-508,31703
hsa-mir-584,31703
hsa-mir-889,31703
hsa-mir-122,3385
hsa-mir-122,5310940
hsa-mir-145,3385
hsa-mir-145,5310940
hsa-mir-185,3385
hsa-mir-185,5310940
hsa-mir-191,3385
hsa-mir-191,5310940
hsa-mir-20a,3385
hsa-mir-20a,5310940
hsa-mir-21,3385
hsa-mir-21,5310940
hsa-mir-216a,3385
hsa-mir-216a,5310940
hsa-mir-24-1,3385
hsa-mir-24-1,5310940
hsa-mir-25,3385
hsa-mir-25,5310940
hsa-mir-372,3385
hsa-mir-372,5310940
hsa-mir-483,3385
hsa-mir-483,5310940
hsa-mir-618,3385
hsa-mir-618,5310940
hsa-mir-99a,3385
hsa-mir-99a,5310940
hsa-mir-146a,38904
hsa-mir-146a,31703
hsa-mir-146a,5746
hsa-mir-146b,38904
hsa-mir-146b,31703
hsa-mir-146b,5746
hsa-mir-15a,38904
hsa-mir-15a,31703
hsa-mir-15a,5746
hsa-mir-16-1,38904
hsa-mir-16-1,31703
hsa-mir-16-1,5746
hsa-mir-181d,38904
hsa-mir-181d,31703
hsa-mir-181d,5746
hsa-mir-27b,38904
hsa-mir-27b,31703
hsa-mir-27b,5746
hsa-mir-30b,38904
hsa-mir-30b,31703
hsa-mir-30b,5746
hsa-mir-520h,31703
hsa-mir-200b,148124
hsa-mir-328,2767
hsa-mir-328,784
hsa-mir-221,31703
hsa-mir-223,4891
hsa-mir-21,123631
hsa-mir-30d,2767
hsa-mir-106a,2767
hsa-mir-217,3062316
hsa-mir-205,2767
hsa-mir-126,5360373
hsa-mir-503,2767
hsa-mir-223,31703
hsa-mir-223,36314
hsa-let-7c,2767
hsa-mir-137,2767
hsa-mir-34a,2767
hsa-mir-146a,2767
hsa-mir-34a,1548943
hsa-mir-182,2767
hsa-mir-145,3385
hsa-mir-34a,3385
hsa-mir-147a,123631
hsa-mir-142,5284583
hsa-mir-206,5284583
hsa-mir-374a,5284583
hsa-mir-21,60750
hsa-mir-16-1,2767
hsa-mir-16-1,31703
hsa-mir-183,2767
hsa-mir-193a,2767
hsa-mir-296,2767
hsa-mir-296,31703
hsa-mir-296,36314
hsa-mir-33a,2767
hsa-mir-21,2767
hsa-mir-484,5329102
hsa-mir-628,5329102
hsa-mir-942,5329102
hsa-mir-503,2767
hsa-mir-130a,2767
hsa-mir-145,36314
hsa-mir-27a,2767
hsa-mir-34a,176870
hsa-mir-100,2767
hsa-mir-100,31703
hsa-mir-100,36462
hsa-mir-26b,31703
hsa-mir-34a,31703
hsa-mir-100,2767
hsa-mir-375,9903
hsa-let-7c,2767
hsa-mir-100,2767
hsa-mir-100,2767
hsa-mir-10a,2767
hsa-mir-139,2767
hsa-mir-181c,2767
hsa-mir-27b,2767
hsa-mir-33a,2767
hsa-mir-34a,2767
hsa-mir-383,2767
hsa-mir-107,36314
hsa-mir-187,36314
hsa-mir-195,36314
hsa-mir-363,36314
hsa-mir-411,36314
hsa-mir-497,36314
hsa-mir-517a,36314
hsa-mir-589,36314
hsa-mir-622,36314
hsa-mir-647,36314
hsa-mir-663a,36314
hsa-mir-10a,6253
hsa-mir-10b,6253
hsa-mir-130a,123631
hsa-mir-21,31703
hsa-mir-22,2767
hsa-mir-22,31703
hsa-mir-21,2767
hsa-mir-200c,9903
hsa-mir-141,2767
hsa-mir-130b,5291
hsa-mir-146a,5291
hsa-mir-29c,5291
hsa-mir-452,148124
hsa-mir-630,25183872
hsa-mir-630,9915743
hsa-let-7a-1,2767
hsa-let-7b,2767
hsa-let-7d,2767
hsa-let-7f-1,2767
hsa-let-7g,2767
hsa-mir-10b,2767
hsa-mir-1275,2767
hsa-mir-141,2767
hsa-mir-199b,2767
hsa-mir-200a,2767
hsa-mir-200c,2767
hsa-mir-205,2767
hsa-mir-21,2767
hsa-mir-221,2767
hsa-mir-222,2767
hsa-mir-23a,2767
hsa-mir-27a,2767
hsa-mir-31,2767
hsa-mir-363,2767
hsa-mir-452,2767
hsa-mir-542,2767
hsa-mir-675,2767
hsa-mir-98,2767
hsa-mir-99a,2767
hsa-mir-497,60750
hsa-mir-940,2767
hsa-mir-199b,5291
hsa-mir-489,2767
hsa-mir-21,452548
hsa-let-7i,2733526
hsa-mir-100,148124
hsa-mir-100,148124
hsa-mir-125a,148124
hsa-mir-1267,148124
hsa-mir-135b,148124
hsa-mir-135b,148124
hsa-mir-146a,148124
hsa-mir-146a,148124
hsa-mir-146b,148124
hsa-mir-151a,148124
hsa-mir-152,148124
hsa-mir-15a,148124
hsa-mir-191,148124
hsa-mir-191,148124
hsa-mir-196b,148124
hsa-mir-200a,148124
hsa-mir-200a,148124
hsa-mir-200b,148124
hsa-mir-200b,148124
hsa-mir-200c,148124
hsa-mir-203a,148124
hsa-mir-205,148124
hsa-mir-20b,148124
hsa-mir-210,148124
hsa-mir-24-1,148124
hsa-mir-25,148124
hsa-mir-26b,148124
hsa-mir-27a,148124
hsa-mir-301a,148124
hsa-mir-301a,148124
hsa-mir-301b,148124
hsa-mir-30a,148124
hsa-mir-30e,148124
hsa-mir-342,148124
hsa-mir-34a,148124
hsa-mir-34b,148124
hsa-mir-375,148124
hsa-mir-429,148124
hsa-mir-429,148124
hsa-mir-454,148124
hsa-mir-455,148124
hsa-mir-489,148124
hsa-mir-590,148124
hsa-mir-598,148124
hsa-mir-767,148124
hsa-mir-9-1,148124
hsa-mir-95,148124
hsa-mir-96,148124
hsa-mir-99a,148124
hsa-mir-99b,148124
hsa-mir-210,30323
hsa-mir-210,5743
hsa-mir-17,2767
hsa-mir-20a,2767
hsa-mir-20b,2767
hsa-mir-221,123631
hsa-mir-222,123631
hsa-mir-30b,123631
hsa-mir-223,5311272
hsa-mir-100,148124
hsa-mir-100,31703
hsa-mir-17,148124
hsa-mir-17,31703
hsa-mir-222,148124
hsa-mir-222,31703
hsa-mir-342,148124
hsa-mir-342,31703
hsa-mir-451a,148124
hsa-mir-451a,31703
hsa-mir-181c,2733526
hsa-mir-181d,2733526
hsa-mir-300,2733526
hsa-mir-330,2733526
hsa-mir-517c,2733526
hsa-mir-518b,2733526
hsa-mir-518c,2733526
hsa-mir-518e,2733526
hsa-mir-518f,2733526
hsa-mir-519c,2733526
hsa-mir-519d,2733526
hsa-mir-519e,2733526
hsa-mir-520b,2733526
hsa-mir-520h,2733526
hsa-mir-522,2733526
hsa-mir-642a,2733526
hsa-mir-7-1,2733526
hsa-mir-769,2733526
hsa-mir-935,2733526
hsa-let-7a-1,36314
hsa-mir-106a,36314
hsa-mir-1246,36314
hsa-mir-1275,36314
hsa-mir-1290,36314
hsa-mir-16-1,36314
hsa-mir-17,36314
hsa-mir-1973,36314
hsa-mir-19a,36314
hsa-mir-20a,36314
hsa-mir-27a,36314
hsa-mir-3074,36314
hsa-mir-31,36314
hsa-mir-3196,36314
hsa-mir-365a,36314
hsa-mir-374a,36314
hsa-mir-4284,36314
hsa-mir-4288,36314
hsa-mir-483,36314
hsa-mir-676,36314
hsa-let-7e,31703
hsa-let-7e,5978
hsa-mir-100,31703
hsa-mir-100,5978
hsa-mir-1246,31703
hsa-mir-1246,5978
hsa-mir-125a,31703
hsa-mir-125a,5978
hsa-mir-148a,31703
hsa-mir-148a,5978
hsa-mir-342,31703
hsa-mir-342,5978
hsa-mir-378a,31703
hsa-mir-378a,5978
hsa-mir-425,31703
hsa-mir-425,5978
hsa-mir-4430,31703
hsa-mir-4430,5978
hsa-mir-494,31703
hsa-mir-494,5978
hsa-mir-7-1,31703
hsa-mir-7-1,5978
hsa-mir-99b,31703
hsa-mir-99b,5978
hsa-mir-185,2767
hsa-mir-185,31703
hsa-mir-200b,2767
hsa-mir-200b,31703
hsa-mir-200b,36462
hsa-mir-221,2578
hsa-mir-489,31703
hsa-mir-130a,31703
hsa-mir-451a,31703
hsa-let-7g,3385
hsa-mir-34c,2767
hsa-mir-34c,31703
hsa-mir-34c,126941
hsa-mir-429,2767
hsa-mir-1287,36314
hsa-mir-130a,36314
hsa-mir-193b,36314
hsa-mir-224,36314
hsa-mir-224,36314
hsa-mir-3127,36314
hsa-mir-424,36314
hsa-mir-452,36314
hsa-mir-4713,36314
hsa-mir-200b,148124
hsa-mir-374a,123631
hsa-mir-548b,123631
hsa-mir-205,60750
hsa-mir-192,2767
hsa-mir-1236,31703
hsa-mir-1236,5865
hsa-mir-1236,5978
hsa-mir-1256,31703
hsa-mir-1256,5865
hsa-mir-1256,5978
hsa-mir-187,31703
hsa-mir-187,5865
hsa-mir-187,5978
hsa-mir-191,31703
hsa-mir-191,5865
hsa-mir-191,5978
hsa-mir-214,31703
hsa-mir-214,5865
hsa-mir-214,5978
hsa-mir-224,31703
hsa-mir-224,5865
hsa-mir-224,5978
hsa-mir-33a,31703
hsa-mir-33a,5865
hsa-mir-33a,5978
hsa-mir-455,31703
hsa-mir-455,5865
hsa-mir-455,5978
hsa-mir-542,31703
hsa-mir-542,5865
hsa-mir-542,5978
hsa-mir-876,31703
hsa-mir-876,5865
hsa-mir-876,5978
hsa-mir-21,2767
hsa-mir-520a,1548943
hsa-mir-17,36462
hsa-mir-20a,36462
hsa-mir-1271,2767
hsa-mir-122,3385
hsa-mir-21,2767
hsa-mir-17,3385
hsa-mir-17,5310940
hsa-mir-342,2767
hsa-mir-342,36314
hsa-mir-224,2767
hsa-mir-221,2733526
hsa-mir-222,2733526
hsa-mir-503,2767
hsa-mir-211,60750
hsa-mir-424,31703
hsa-mir-424,36462
hsa-mir-21,148124
hsa-mir-222,148124
hsa-mir-29a,148124
hsa-mir-146a,36314
hsa-mir-21,36314
hsa-mir-34a,123631
hsa-mir-17,31703
hsa-mir-203a,2051
hsa-mir-203a,156413
hsa-mir-221,2733526
hsa-mir-222,2733526
hsa-mir-155,31703
hsa-mir-182,2767
hsa-let-7f-1,2767
hsa-mir-224,2767
hsa-mir-149,5394
hsa-mir-25,41867
hsa-mir-204,3385
hsa-mir-204,2907
hsa-mir-204,41867
hsa-mir-193b,216239
hsa-mir-34a,2767
hsa-mir-425,216239
hsa-mir-452,31703
hsa-mir-146a,148124
hsa-mir-146a,148124
hsa-mir-146a,148124
hsa-mir-148a,148124
hsa-mir-148a,148124
hsa-mir-203a,148124
hsa-mir-34a,148124
hsa-mir-34a,148124
hsa-mir-34a,148124
hsa-mir-383,148124
hsa-mir-598,148124
hsa-mir-598,148124
hsa-mir-21,123631
hsa-mir-370,2767
hsa-mir-497,5394
hsa-mir-551b,2767
hsa-mir-551b,31703
hsa-mir-222,216239
hsa-mir-502,2767
hsa-let-7d,3385
hsa-let-7d,60750
hsa-let-7f-1,3385
hsa-let-7f-1,60750
hsa-let-7i,3385
hsa-let-7i,60750
hsa-mir-106a,3385
hsa-mir-106a,60750
hsa-mir-1202,3385
hsa-mir-1202,60750
hsa-mir-1226,3385
hsa-mir-1226,60750
hsa-mir-1228,3385
hsa-mir-1228,60750
hsa-mir-1228,3385
hsa-mir-1228,60750
hsa-mir-1234,3385
hsa-mir-1234,60750
hsa-mir-1236,3385
hsa-mir-1236,60750
hsa-mir-1237,3385
hsa-mir-1237,60750
hsa-mir-1246,3385
hsa-mir-1246,60750
hsa-mir-1249,3385
hsa-mir-1249,60750
hsa-mir-1288,3385
hsa-mir-1288,60750
hsa-mir-1290,3385
hsa-mir-1290,60750
hsa-mir-1307,3385
hsa-mir-1307,60750
hsa-mir-130a,3385
hsa-mir-130a,3385
hsa-mir-130a,60750
hsa-mir-130a,60750
hsa-mir-132,3385
hsa-mir-132,60750
hsa-mir-1343,3385
hsa-mir-1343,60750
hsa-mir-140,3385
hsa-mir-140,60750
hsa-mir-141,3385
hsa-mir-141,60750
hsa-mir-1469,3385
hsa-mir-1469,60750
hsa-mir-146a,3385
hsa-mir-146a,60750
hsa-mir-147b,3385
hsa-mir-147b,60750
hsa-mir-148b,3385
hsa-mir-148b,60750
hsa-mir-149,3385
hsa-mir-149,60750
hsa-mir-15b,3385
hsa-mir-155,3385
hsa-mir-15b,60750
hsa-mir-155,60750
hsa-mir-15b,3385
hsa-mir-15b,60750
hsa-mir-17,3385
hsa-mir-17,60750
hsa-mir-17,3385
hsa-mir-17,60750
hsa-mir-181d,3385
hsa-mir-181d,60750
hsa-mir-1825,3385
hsa-mir-1825,60750
hsa-mir-187,3385
hsa-mir-187,60750
hsa-mir-188,3385
hsa-mir-188,60750
hsa-mir-18a,3385
hsa-mir-18a,60750
hsa-mir-18b,3385
hsa-mir-18b,60750
hsa-mir-1908,3385
hsa-mir-1908,60750
hsa-mir-191,3385
hsa-mir-191,60750
hsa-mir-1913,3385
hsa-mir-1913,60750
hsa-mir-1914,3385
hsa-mir-1914,60750
hsa-mir-1915,3385
hsa-mir-1915,60750
hsa-mir-193a,3385
hsa-mir-193a,60750
hsa-mir-193b,3385
hsa-mir-193b,60750
hsa-mir-196b,3385
hsa-mir-196b,60750
hsa-mir-1976,3385
hsa-mir-1976,60750
hsa-mir-200a,3385
hsa-mir-200a,60750
hsa-mir-200b,3385
hsa-mir-200b,60750
hsa-mir-200c,3385
hsa-mir-200c,60750
hsa-mir-205,3385
hsa-mir-205,60750
hsa-mir-20a,3385
hsa-mir-20a,60750
hsa-mir-20b,3385
hsa-mir-20b,60750
hsa-mir-21,3385
hsa-mir-21,60750
hsa-mir-210,3385
hsa-mir-210,60750
hsa-mir-22,3385
hsa-mir-22,60750
hsa-mir-221,3385
hsa-mir-221,60750
hsa-mir-222,3385
hsa-mir-222,60750
hsa-mir-224,3385
hsa-mir-224,60750
hsa-mir-2355,3385
hsa-mir-2355,60750
hsa-mir-2467,3385
hsa-mir-2467,60750
hsa-mir-2861,3385
hsa-mir-2861,60750
hsa-mir-29a,3385
hsa-mir-29a,60750
hsa-mir-301a,3385
hsa-mir-301a,60750
hsa-mir-301b,3385
hsa-mir-301b,60750
hsa-mir-3064,3385
hsa-mir-3064,60750
hsa-mir-3065,3385
hsa-mir-3065,60750
hsa-mir-30a,3385
hsa-mir-30a,60750
hsa-mir-30d,3385
hsa-mir-30d,60750
hsa-mir-30e,3385
hsa-mir-30e,60750
hsa-mir-31,3385
hsa-mir-31,60750
hsa-mir-3126,3385
hsa-mir-3126,60750
hsa-mir-3131,3385
hsa-mir-3131,60750
hsa-mir-3141,3385
hsa-mir-3141,60750
hsa-mir-3147,3385
hsa-mir-3147,60750
hsa-mir-3154,3385
hsa-mir-3154,60750
hsa-mir-3173,3385
hsa-mir-3173,60750
hsa-mir-3177,3385
hsa-mir-3177,60750
hsa-mir-3178,3385
hsa-mir-3178,60750
hsa-mir-3184,3385
hsa-mir-3184,60750
hsa-mir-3186,3385
hsa-mir-3186,60750
hsa-mir-3187,3385
hsa-mir-3187,60750
hsa-mir-3188,3385
hsa-mir-3188,60750
hsa-mir-3193,3385
hsa-mir-3193,60750
hsa-mir-3194,3385
hsa-mir-3194,60750
hsa-mir-3195,3385
hsa-mir-3195,60750
hsa-mir-32,3385
hsa-mir-32,60750
hsa-mir-3200,3385
hsa-mir-3200,60750
hsa-mir-323a,3385
hsa-mir-323a,60750
hsa-mir-324,3385
hsa-mir-324,3385
hsa-mir-324,60750
hsa-mir-324,60750
hsa-mir-328,3385
hsa-mir-328,60750
hsa-mir-330,3385
hsa-mir-330,3385
hsa-mir-330,60750
hsa-mir-330,60750
hsa-mir-338,3385
hsa-mir-338,60750
hsa-mir-339,3385
hsa-mir-339,60750
hsa-mir-33a,3385
hsa-mir-33a,60750
hsa-mir-345,3385
hsa-mir-345,60750
hsa-mir-346,3385
hsa-mir-346,60750
hsa-mir-361,3385
hsa-mir-361,60750
hsa-mir-3619,3385
hsa-mir-3619,60750
hsa-mir-362,3385
hsa-mir-362,60750
hsa-mir-3620,3385
hsa-mir-3620,60750
hsa-mir-3621,3385
hsa-mir-3621,60750
hsa-mir-3665,3385
hsa-mir-3665,60750
hsa-mir-3682,3385
hsa-mir-3682,60750
hsa-mir-370,3385
hsa-mir-370,60750
hsa-mir-371a,3385
hsa-mir-371a,60750
hsa-mir-373,3385
hsa-mir-373,60750
hsa-mir-378a,3385
hsa-mir-378a,60750
hsa-mir-378c,3385
hsa-mir-378c,60750
hsa-mir-378e,3385
hsa-mir-378e,60750
hsa-mir-378f,3385
hsa-mir-378f,60750
hsa-mir-378g,3385
hsa-mir-378g,60750
hsa-mir-378i,3385
hsa-mir-378i,60750
hsa-mir-3917,3385
hsa-mir-3917,60750
hsa-mir-3937,3385
hsa-mir-3937,60750
hsa-mir-3940,3385
hsa-mir-3940,60750
hsa-mir-3940,3385
hsa-mir-3940,60750
hsa-mir-421,3385
hsa-mir-421,60750
hsa-mir-422a,3385
hsa-mir-422a,60750
hsa-mir-423,3385
hsa-mir-423,60750
hsa-mir-424,3385
hsa-mir-424,3385
hsa-mir-424,60750
hsa-mir-424,60750
hsa-mir-425,3385
hsa-mir-425,60750
hsa-mir-425,3385
hsa-mir-425,60750
hsa-mir-4257,3385
hsa-mir-4257,60750
hsa-mir-4258,3385
hsa-mir-4258,60750
hsa-mir-4261,3385
hsa-mir-4261,60750
hsa-mir-4279,3385
hsa-mir-4279,60750
hsa-mir-4284,3385
hsa-mir-4284,60750
hsa-mir-4286,3385
hsa-mir-4286,60750
hsa-mir-4288,3385
hsa-mir-4288,3385
hsa-mir-4288,60750
hsa-mir-4288,60750
hsa-mir-429,3385
hsa-mir-429,60750
hsa-mir-4319,3385
hsa-mir-4319,60750
hsa-mir-4428,3385
hsa-mir-4428,60750
hsa-mir-4454,3385
hsa-mir-4454,60750
hsa-mir-4455,3385
hsa-mir-4455,60750
hsa-mir-4463,3385
hsa-mir-4463,60750
hsa-mir-4465,3385
hsa-mir-4465,60750
hsa-mir-4466,3385
hsa-mir-4466,60750
hsa-mir-4467,3385
hsa-mir-4467,60750
hsa-mir-4476,3385
hsa-mir-4476,60750
hsa-mir-4478,3385
hsa-mir-4478,60750
hsa-mir-4484,3385
hsa-mir-4484,60750
hsa-mir-4485,3385
hsa-mir-4485,60750
hsa-mir-4487,3385
hsa-mir-4487,60750
hsa-mir-4488,3385
hsa-mir-4488,60750
hsa-mir-4492,3385
hsa-mir-4492,60750
hsa-mir-4497,3385
hsa-mir-4497,60750
hsa-mir-449b,3385
hsa-mir-449b,60750
hsa-mir-4508,3385
hsa-mir-4508,60750
hsa-mir-4516,3385
hsa-mir-4516,60750
hsa-mir-4521,3385
hsa-mir-4521,60750
hsa-mir-4530,3385
hsa-mir-4530,60750
hsa-mir-4535,3385
hsa-mir-4535,60750
hsa-mir-454,3385
hsa-mir-454,60750
hsa-mir-4638,3385
hsa-mir-4638,60750
hsa-mir-4640,3385
hsa-mir-4640,60750
hsa-mir-4646,3385
hsa-mir-4646,60750
hsa-mir-4655,3385
hsa-mir-4655,60750
hsa-mir-4665,3385
hsa-mir-4665,60750
hsa-mir-4669,3385
hsa-mir-4669,60750
hsa-mir-4674,3385
hsa-mir-4674,60750
hsa-mir-4675,3385
hsa-mir-4675,60750
hsa-mir-4685,3385
hsa-mir-4685,3385
hsa-mir-4685,3385
hsa-mir-4685,60750
hsa-mir-4685,60750
hsa-mir-4685,60750
hsa-mir-4687,3385
hsa-mir-4687,60750
hsa-mir-4689,3385
hsa-mir-4689,60750
hsa-mir-4695,3385
hsa-mir-4695,60750
hsa-mir-4706,3385
hsa-mir-4706,60750
hsa-mir-4707,3385
hsa-mir-4707,60750
hsa-mir-4710,3385
hsa-mir-4710,60750
hsa-mir-4711,3385
hsa-mir-4711,60750
hsa-mir-4713,3385
hsa-mir-4713,60750
hsa-mir-4716,3385
hsa-mir-4716,60750
hsa-mir-4721,3385
hsa-mir-4721,60750
hsa-mir-4722,3385
hsa-mir-4722,60750
hsa-mir-4723,3385
hsa-mir-4723,60750
hsa-mir-4725,3385
hsa-mir-4725,60750
hsa-mir-4731,3385
hsa-mir-4731,60750
hsa-mir-4732,3385
hsa-mir-4732,60750
hsa-mir-4739,3385
hsa-mir-4739,60750
hsa-mir-4745,3385
hsa-mir-4745,60750
hsa-mir-4749,3385
hsa-mir-4749,60750
hsa-mir-4750,3385
hsa-mir-4750,60750
hsa-mir-4758,3385
hsa-mir-4758,60750
hsa-mir-4783,3385
hsa-mir-4783,60750
hsa-mir-4787,3385
hsa-mir-4787,60750
hsa-mir-483,3385
hsa-mir-483,60750
hsa-mir-484,3385
hsa-mir-484,60750
hsa-mir-487b,3385
hsa-mir-487b,60750
hsa-mir-491,3385
hsa-mir-491,60750
hsa-mir-500a,3385
hsa-mir-500a,60750
hsa-mir-500a,3385
hsa-mir-500a,60750
hsa-mir-500b,3385
hsa-mir-500b,60750
hsa-mir-503,3385
hsa-mir-503,60750
hsa-mir-518b,3385
hsa-mir-518b,60750
hsa-mir-532,3385
hsa-mir-532,60750
hsa-mir-557,3385
hsa-mir-557,60750
hsa-mir-584,3385
hsa-mir-584,60750
hsa-mir-590,3385
hsa-mir-590,60750
hsa-mir-593,3385
hsa-mir-593,60750
hsa-mir-614,3385
hsa-mir-614,60750
hsa-mir-615,3385
hsa-mir-615,60750
hsa-mir-622,3385
hsa-mir-622,60750
hsa-mir-624,3385
hsa-mir-624,60750
hsa-mir-627,3385
hsa-mir-627,60750
hsa-mir-629,3385
hsa-mir-629,60750
hsa-mir-658,3385
hsa-mir-658,60750
hsa-mir-660,3385
hsa-mir-660,60750
hsa-mir-663a,3385
hsa-mir-663a,60750
hsa-mir-665,3385
hsa-mir-665,60750
hsa-mir-670,3385
hsa-mir-670,60750
hsa-mir-671,3385
hsa-mir-671,60750
hsa-mir-675,3385
hsa-mir-675,60750
hsa-mir-675,3385
hsa-mir-675,60750
hsa-mir-7-1,3385
hsa-mir-7-1,60750
hsa-mir-718,3385
hsa-mir-718,60750
hsa-mir-762,3385
hsa-mir-762,60750
hsa-mir-766,3385
hsa-mir-766,60750
hsa-mir-873,3385
hsa-mir-873,60750
hsa-mir-874,3385
hsa-mir-874,60750
hsa-mir-887,3385
hsa-mir-887,60750
hsa-mir-920,3385
hsa-mir-920,60750
hsa-mir-921,3385
hsa-mir-921,60750
hsa-mir-92b,3385
hsa-mir-92b,60750
hsa-mir-939,3385
hsa-mir-939,60750
hsa-mir-940,3385
hsa-mir-940,60750
hsa-mir-96,3385
hsa-mir-96,60750
hsa-mir-98,3385
hsa-mir-98,60750
hsa-mir-99a,3385
hsa-mir-99a,60750
hsa-mir-21,3385
hsa-mir-520f,2767
hsa-let-7b,41867
hsa-let-7b,36314
hsa-mir-1290,41867
hsa-mir-1290,36314
hsa-mir-19a,41867
hsa-mir-19a,36314
hsa-mir-205,41867
hsa-mir-205,36314
hsa-mir-28,41867
hsa-mir-28,36314
hsa-mir-375,41867
hsa-mir-375,36314
hsa-mir-200b,122724
hsa-mir-200b,36314
hsa-mir-217,122724
hsa-mir-217,36314
hsa-mir-326,122724
hsa-mir-326,36314
hsa-mir-335,122724
hsa-mir-335,36314
hsa-mir-136,2767
hsa-mir-1248,60750
hsa-mir-125a,60750
hsa-mir-25,60750
hsa-mir-369,60750
hsa-mir-374b,60750
hsa-mir-494,60750
hsa-mir-497,176870
hsa-mir-497,60750
hsa-mir-503,60750
hsa-mir-508,60750
hsa-mir-518f,60750
hsa-mir-519d,60750
hsa-mir-542,60750
hsa-mir-579,60750
hsa-mir-647,60750
hsa-mir-935,60750
hsa-mir-99b,60750
hsa-mir-200c,5291
hsa-mir-200c,216239
hsa-mir-130b,2767
hsa-mir-130b,36314
hsa-mir-149,31703
hsa-mir-149,36314
hsa-mir-320a,3385
hsa-mir-320a,31703
hsa-mir-320a,36314
hsa-mir-223,9903
hsa-mir-449a,2767
hsa-mir-100,60750
hsa-mir-1246,60750
hsa-mir-155,60750
hsa-mir-15b,60750
hsa-mir-205,60750
hsa-mir-21,60750
hsa-mir-25,60750
hsa-mir-27b,60750
hsa-mir-30d,60750
hsa-mir-378a,60750
hsa-mir-424,60750
hsa-mir-4324,60750
hsa-mir-4443,60750
hsa-mir-4485,60750
hsa-mir-455,60750
hsa-mir-99b,60750
hsa-mir-193a,36314
hsa-mir-1207,5310940
hsa-mir-1207,5978
hsa-mir-141,5310940
hsa-mir-141,5978
hsa-mir-155,5310940
hsa-mir-155,5978
hsa-mir-15a,5310940
hsa-mir-15a,5978
hsa-mir-1915,5310940
hsa-mir-1915,5978
hsa-mir-200a,5310940
hsa-mir-200a,5978
hsa-mir-200c,3385
hsa-mir-200c,2767
hsa-mir-200c,45266826
hsa-mir-200c,72301
hsa-mir-221,5310940
hsa-mir-221,5978
hsa-mir-222,5310940
hsa-mir-222,5978
hsa-mir-23a,5310940
hsa-mir-23a,5978
hsa-mir-23b,5310940
hsa-mir-23b,5978
hsa-mir-27a,5310940
hsa-mir-27a,5978
hsa-mir-424,5310940
hsa-mir-424,5978
hsa-mir-497,5310940
hsa-mir-497,5978
hsa-mir-638,5310940
hsa-mir-638,5978
hsa-mir-494,31703
hsa-mir-638,2767
hsa-mir-379,5311
hsa-mir-411,5311
hsa-mir-1202,387447
hsa-mir-1207,387447
hsa-mir-1246,387447
hsa-mir-1290,387447
hsa-mir-146a,387447
hsa-mir-149,387447
hsa-mir-1908,387447
hsa-mir-1915,387447
hsa-mir-192,387447
hsa-mir-19a,387447
hsa-mir-21,387447
hsa-mir-27a,387447
hsa-mir-2861,387447
hsa-mir-29c,387447
hsa-mir-301a,387447
hsa-mir-30e,387447
hsa-mir-3185,387447
hsa-mir-3196,387447
hsa-mir-638,387447
hsa-mir-660,387447
hsa-mir-762,387447
hsa-mir-92b,387447
hsa-mir-939,387447
hsa-mir-217,2767
hsa-mir-145,3385
hsa-mir-34a,36462
hsa-mir-503,31703
hsa-mir-200c,123631
hsa-mir-133b,36314
hsa-mir-3127,3062316
hsa-mir-150,2767
hsa-mir-7-1,36314
hsa-mir-204,3385
hsa-mir-204,2767
hsa-mir-204,5310940
hsa-mir-490,36314
hsa-mir-30e,5291
hsa-mir-451a,148124
hsa-mir-193a,36314
hsa-mir-21,2767
hsa-mir-16-1,31703
hsa-mir-375,36314
hsa-mir-145,104842
hsa-mir-34a,3385
hsa-let-7b,3385
hsa-mir-106a,2767
hsa-let-7e,123631
hsa-mir-100,123631
hsa-mir-122,123631
hsa-mir-126,123631
hsa-mir-127,123631
hsa-mir-130a,123631
hsa-mir-132,123631
hsa-mir-140,123631
hsa-mir-142,123631
hsa-mir-143,123631
hsa-mir-145,123631
hsa-mir-146a,123631
hsa-mir-148a,123631
hsa-mir-155,123631
hsa-mir-21,123631
hsa-mir-214,123631
hsa-mir-22,123631
hsa-mir-224,123631
hsa-mir-24-1,123631
hsa-mir-299,123631
hsa-mir-31,123631
hsa-mir-375,123631
hsa-mir-423,123631
hsa-mir-424,123631
hsa-mir-483,123631
hsa-mir-494,123631
hsa-mir-497,123631
hsa-mir-505,123631
hsa-mir-572,123631
hsa-mir-638,123631
hsa-mir-660,123631
hsa-mir-7-1,123631
hsa-mir-744,123631
hsa-mir-762,123631
hsa-mir-766,123631
hsa-mir-99a,123631
hsa-mir-205,148124
hsa-mir-31,148124
hsa-mir-100,2767
hsa-mir-382,2767
hsa-mir-382,31703
hsa-mir-382,126941
hsa-let-7a-1,5291
hsa-let-7d,5291
hsa-let-7e,5291
hsa-let-7f-1,5291
hsa-let-7i,5291
hsa-mir-107,5291
hsa-mir-1207,5291
hsa-mir-1224,5291
hsa-mir-1225,5291
hsa-mir-1228,5291
hsa-mir-1249,5291
hsa-mir-125a,5291
hsa-mir-130b,5291
hsa-mir-134,5291
hsa-mir-139,5291
hsa-mir-143,5291
hsa-mir-146b,5291
hsa-mir-150,5291
hsa-mir-151a,5291
hsa-mir-15b,5291
hsa-mir-188,5291
hsa-mir-1915,5291
hsa-mir-193b,5291
hsa-mir-214,5291
hsa-mir-25,5291
hsa-mir-296,5291
hsa-mir-301a,5291
hsa-mir-30a,5291
hsa-mir-30b,5291
hsa-mir-324,5291
hsa-mir-362,5291
hsa-mir-365a,5291
hsa-mir-483,5291
hsa-mir-532,5291
hsa-mir-574,5291
hsa-mir-638,5291
hsa-mir-660,5291
hsa-mir-663a,5291
hsa-mir-762,5291
hsa-mir-939,5291
hsa-let-7a-1,2767
hsa-let-7e,2767
hsa-mir-1226,3385
hsa-mir-125a,3385
hsa-mir-125a,2767
hsa-mir-1275,3385
hsa-mir-1292,3385
hsa-mir-130a,2767
hsa-mir-17,3385
hsa-mir-18a,3385
hsa-mir-18a,3385
hsa-mir-18a,2767
hsa-mir-191,2767
hsa-mir-192,3385
hsa-mir-193b,3385
hsa-mir-193b,2767
hsa-mir-196b,3385
hsa-mir-200a,2767
hsa-mir-200b,2767
hsa-mir-203a,3385
hsa-mir-203a,2767
hsa-mir-21,3385
hsa-mir-210,3385
hsa-mir-222,3385
hsa-mir-23a,2767
hsa-mir-25,3385
hsa-mir-25,2767
hsa-mir-27b,3385
hsa-mir-296,2767
hsa-mir-31,3385
hsa-mir-31,2767
hsa-mir-320a,2767
hsa-mir-331,3385
hsa-mir-339,2767
hsa-mir-378a,3385
hsa-mir-410,3385
hsa-mir-455,3385
hsa-mir-455,2767
hsa-mir-532,2767
hsa-mir-638,2767
hsa-mir-663a,3385
hsa-mir-663a,3385
hsa-mir-663a,2767
hsa-mir-744,2767
hsa-mir-92b,2767
hsa-mir-935,3385
hsa-mir-99b,3385
hsa-mir-99b,2767
hsa-mir-34a,31703
hsa-mir-21,2767
hsa-mir-125a,2767
hsa-mir-15a,2767
hsa-mir-182,2767
hsa-mir-185,2767
hsa-mir-200b,2767
hsa-mir-205,2767
hsa-mir-214,2767
hsa-mir-222,2767
hsa-mir-302c,2767
hsa-mir-331,2767
hsa-mir-33a,2767
hsa-mir-374b,2767
hsa-mir-375,2767
hsa-mir-663a,2767
hsa-mir-100,36314
hsa-mir-1204,36314
hsa-mir-208a,36314
hsa-mir-22,36314
hsa-mir-3146,36314
hsa-mir-377,36314
hsa-mir-4478,36314
hsa-mir-4653,36314
hsa-mir-4678,36314
hsa-mir-4788,36314
hsa-mir-634,36314
hsa-mir-634,36314
hsa-mir-802,36314
hsa-mir-107,2767
hsa-mir-107,31703
hsa-mir-10a,31703
hsa-mir-1224,31703
hsa-mir-145,31703
hsa-mir-17,31703
hsa-mir-297,31703
hsa-mir-30b,31703
hsa-mir-30e,31703
hsa-mir-338,31703
hsa-mir-361,31703
hsa-mir-424,31703
hsa-mir-487b,31703
hsa-mir-519b,31703
hsa-mir-520f,31703
hsa-mir-523,31703
hsa-mir-587,31703
hsa-mir-593,31703
hsa-mir-628,31703
hsa-mir-675,31703
hsa-mir-760,31703
hsa-mir-92b,31703
hsa-mir-363,2767
hsa-mir-25,2767
hsa-mir-16-1,36314
hsa-mir-193a,36314
hsa-mir-320a,3385
hsa-mir-320a,5310940
hsa-mir-22,3385
hsa-let-7e,31703
hsa-mir-141,31703
hsa-mir-145,31703
hsa-mir-196b,31703
hsa-mir-200a,31703
hsa-mir-200c,31703
hsa-mir-31,31703
hsa-mir-370,31703
hsa-mir-429,31703
hsa-mir-576,31703
hsa-mir-760,31703
hsa-mir-765,31703
hsa-mir-96,2767
hsa-mir-222,2767
hsa-mir-136,2767
hsa-mir-143,2767
hsa-mir-23a,2767
hsa-mir-96,3385
hsa-mir-7-1,91820602
hsa-mir-126,65064
hsa-mir-21,2767
hsa-mir-203a,5394
hsa-mir-338,216239
hsa-mir-7-1,9903
hsa-mir-193a,2767
hsa-mir-193a,31703
hsa-mir-193a,65348
hsa-mir-193a,36314
hsa-mir-193a,636397
hsa-mir-145,2767
hsa-mir-145,2767
hsa-mir-340,2767
hsa-mir-574,2733526
hsa-mir-145,148124
hsa-mir-145,31703
hsa-mir-152,148124
hsa-mir-152,31703
hsa-mir-155,148124
hsa-mir-155,31703
hsa-mir-193b,148124
hsa-mir-193b,31703
hsa-mir-200c,148124
hsa-mir-200c,31703
hsa-mir-222,148124
hsa-mir-222,31703
hsa-mir-29a,148124
hsa-mir-29a,31703
hsa-mir-34a,148124
hsa-mir-34a,31703
hsa-mir-424,148124
hsa-mir-424,31703
hsa-mir-4284,148124
hsa-mir-4284,31703
hsa-mir-452,148124
hsa-mir-452,31703
hsa-mir-455,148124
hsa-mir-455,31703
hsa-mir-500a,148124
hsa-mir-500a,31703
hsa-mir-503,148124
hsa-mir-503,31703
hsa-mir-767,148124
hsa-mir-767,31703
hsa-mir-21,3101
hsa-mir-143,31703
hsa-mir-21,2767
hsa-mir-542,9903
hsa-mir-10a,2767
hsa-mir-9-1,5394
hsa-mir-23a,2767
hsa-mir-27a,3385
hsa-mir-34a,31703
hsa-mir-15a,5978
hsa-mir-16-1,5978
hsa-mir-21,31703
hsa-mir-21,31703
hsa-mir-223,60750
hsa-mir-27a,2767
hsa-mir-27a,31703
hsa-mir-27a,36314
hsa-mir-760,31703
hsa-let-7a-1,31703
hsa-let-7a-1,31703
hsa-mir-10a,31703
hsa-mir-10a,31703
hsa-mir-1226,31703
hsa-mir-1226,31703
hsa-mir-1228,31703
hsa-mir-1234,31703
hsa-mir-1253,31703
hsa-mir-1265,31703
hsa-mir-127,31703
hsa-mir-1299,31703
hsa-mir-137,31703
hsa-mir-139,31703
hsa-mir-140,31703
hsa-mir-148a,31703
hsa-mir-1538,31703
hsa-mir-1539,31703
hsa-mir-15a,31703
hsa-mir-17,31703
hsa-mir-183,31703
hsa-mir-185,31703
hsa-mir-18b,31703
hsa-mir-1911,31703
hsa-mir-1911,31703
hsa-mir-1915,31703
hsa-mir-1915,31703
hsa-mir-193b,31703
hsa-mir-203a,31703
hsa-mir-20a,31703
hsa-mir-20a,31703
hsa-mir-20b,31703
hsa-mir-20b,31703
hsa-mir-21,31703
hsa-mir-210,31703
hsa-mir-211,31703
hsa-mir-214,31703
hsa-mir-215,31703
hsa-mir-23b,31703
hsa-mir-25,31703
hsa-mir-27b,2767
hsa-mir-27b,2767
hsa-mir-27b,31703
hsa-mir-27b,31703
hsa-mir-27b,41867
hsa-mir-27b,41867
hsa-mir-27b,36462
hsa-mir-27b,36462
hsa-mir-27b,123631
hsa-mir-27b,123631
hsa-mir-27b,216239
hsa-mir-27b,216239
hsa-mir-28,31703
hsa-mir-326,31703
hsa-mir-338,31703
hsa-mir-342,31703
hsa-mir-34c,31703
hsa-mir-367,31703
hsa-mir-371a,31703
hsa-mir-372,31703
hsa-mir-379,31703
hsa-mir-380,31703
hsa-mir-409,31703
hsa-mir-455,31703
hsa-mir-485,31703
hsa-mir-495,31703
hsa-mir-503,31703
hsa-mir-513c,31703
hsa-mir-519b,31703
hsa-mir-577,31703
hsa-mir-606,31703
hsa-mir-620,31703
hsa-mir-621,31703
hsa-mir-626,31703
hsa-mir-634,31703
hsa-mir-635,31703
hsa-mir-639,31703
hsa-mir-642a,31703
hsa-mir-664a,31703
hsa-mir-708,31703
hsa-mir-769,31703
hsa-mir-802,31703
hsa-mir-885,31703
hsa-mir-891b,31703
hsa-mir-892b,31703
hsa-mir-920,31703
hsa-mir-922,31703
hsa-mir-924,31703
hsa-mir-933,31703
hsa-mir-934,31703
hsa-mir-935,31703
hsa-mir-98,31703
hsa-mir-30a,216239
hsa-mir-326,31703
hsa-mir-1247,60750
hsa-mir-126,60750
hsa-mir-1261,60750
hsa-mir-1287,60750
hsa-mir-1301,60750
hsa-mir-141,60750
hsa-mir-146a,60750
hsa-mir-146a,60750
hsa-mir-152,60750
hsa-mir-15b,60750
hsa-mir-192,60750
hsa-mir-193a,60750
hsa-mir-210,60750
hsa-mir-2113,60750
hsa-mir-224,60750
hsa-mir-3139,60750
hsa-mir-33b,60750
hsa-mir-34c,60750
hsa-mir-3611,60750
hsa-mir-371a,60750
hsa-mir-371b,60750
hsa-mir-372,60750
hsa-mir-373,60750
hsa-mir-378a,60750
hsa-mir-378c,60750
hsa-mir-3960,60750
hsa-mir-4447,60750
hsa-mir-4455,60750
hsa-mir-4483,60750
hsa-mir-450b,60750
hsa-mir-4516,60750
hsa-mir-452,60750
hsa-mir-4521,60750
hsa-mir-4644,60750
hsa-mir-4739,60750
hsa-mir-4791,60750
hsa-mir-4800,60750
hsa-mir-483,60750
hsa-mir-542,60750
hsa-mir-576,60750
hsa-mir-589,60750
hsa-mir-6134,60750
hsa-mir-643,60750
hsa-mir-675,60750
hsa-mir-92b,60750
hsa-mir-301a,31703
hsa-mir-141,11226684
hsa-mir-200a,11226684
hsa-mir-200b,11226684
hsa-mir-200c,11226684
hsa-mir-100,36314
hsa-mir-1204,36314
hsa-mir-208a,36314
hsa-mir-22,36314
hsa-mir-3146,36314
hsa-mir-377,36314
hsa-mir-4478,36314
hsa-mir-4653,36314
hsa-mir-4678,36314
hsa-mir-4788,36314
hsa-mir-634,36314
hsa-mir-802,36314
hsa-mir-141,5310940
hsa-mir-200c,5310940
hsa-mir-126,6253
hsa-mir-34a,36314
hsa-mir-141,148124
hsa-mir-93,2767
hsa-mir-197,36314
hsa-mir-182,5394
hsa-mir-483,2767
hsa-mir-21,60750
hsa-mir-145,2767
hsa-mir-429,2767
hsa-mir-9-1,2767
hsa-mir-203a,5291
hsa-let-7g,2767
hsa-let-7i,2767
hsa-mir-1290,2767
hsa-mir-141,2767
hsa-mir-149,2767
hsa-mir-195,2767
hsa-mir-1973,2767
hsa-mir-200c,2767
hsa-mir-3621,2767
hsa-mir-491,2767
hsa-mir-636,2767
hsa-mir-933,2767
hsa-mir-96,2767
hsa-mir-494,3385
hsa-mir-7-1,2767
hsa-mir-7-1,31703
hsa-mir-7-1,36462
hsa-mir-196b,36462
hsa-mir-145,3385
hsa-mir-27a,31703
hsa-mir-224,3385
hsa-mir-148b,2767
hsa-mir-497,3385
hsa-mir-1291,31703
hsa-mir-1291,31703
hsa-mir-2278,5291
hsa-mir-155,2767
hsa-mir-150,31703
hsa-mir-150,31703
hsa-mir-150,36462
hsa-mir-188,31703
hsa-mir-188,31703
hsa-mir-188,36462
hsa-mir-204,31703
hsa-mir-204,31703
hsa-mir-204,36462
hsa-mir-501,31703
hsa-mir-501,31703
hsa-mir-501,36462
hsa-mir-769,31703
hsa-mir-769,31703
hsa-mir-769,36462
hsa-mir-33b,387447
hsa-mir-520h,36314
hsa-mir-21,5394
hsa-mir-506,2767
hsa-mir-506,23725625
hsa-mir-23b,3385
hsa-mir-23b,2767
hsa-mir-23b,5978
hsa-mir-335,122724
hsa-mir-335,36314
hsa-mir-200a,36314
hsa-mir-107,2767
hsa-mir-16-1,2767
hsa-mir-223,2767
hsa-mir-25,2767
hsa-mir-27a,2767
hsa-mir-27b,2767
hsa-mir-373,2767
hsa-mir-378b,2767
hsa-mir-411,2767
hsa-mir-449c,2767
hsa-mir-451a,2767
hsa-mir-490,2767
hsa-mir-519b,2767
hsa-mir-520e,2767
hsa-mir-598,2767
hsa-mir-648,2767
hsa-mir-875,2767
hsa-let-7d,2767
hsa-let-7f-1,2767
hsa-mir-1258,2767
hsa-mir-1297,2767
hsa-mir-130a,2767
hsa-mir-1321,2767
hsa-mir-146a,2767
hsa-mir-146b,2767
hsa-mir-155,2767
hsa-mir-182,2767
hsa-mir-183,2767
hsa-mir-200c,2767
hsa-mir-21,2767
hsa-mir-25,2767
hsa-mir-27a,2767
hsa-mir-31,2767
hsa-mir-3175,2767
hsa-mir-365a,2767
hsa-mir-374a,2767
hsa-mir-374b,2767
hsa-mir-374c,2767
hsa-mir-378b,2767
hsa-mir-378c,2767
hsa-mir-4289,2767
hsa-mir-4297,2767
hsa-mir-590,2767
hsa-mir-9-1,2767
hsa-mir-98,2767
hsa-mir-522,31703
hsa-mir-146a,6253
hsa-mir-150,5329102
hsa-mir-155,5329102
hsa-mir-196b,5329102
hsa-mir-204,5329102
hsa-mir-21,5329102
hsa-mir-214,5329102
hsa-mir-29c,5329102
hsa-mir-302c,5329102
hsa-mir-30a,5329102
hsa-mir-30a,5329102
hsa-mir-30d,5329102
hsa-mir-30e,5329102
hsa-mir-30e,5329102
hsa-mir-324,5329102
hsa-mir-454,5329102
hsa-mir-483,5329102
hsa-mir-484,5329102
hsa-mir-636,5329102
hsa-mir-888,5329102
hsa-mir-130a,36314
hsa-let-7d,91820602
hsa-let-7f-1,91820602
hsa-mir-125a,91820602
hsa-mir-126,91820602
hsa-mir-152,91820602
hsa-mir-17,91820602
hsa-mir-182,91820602
hsa-mir-18a,91820602
hsa-mir-190b,91820602
hsa-mir-199b,91820602
hsa-mir-203a,91820602
hsa-mir-21,91820602
hsa-mir-221,91820602
hsa-mir-27b,91820602
hsa-mir-296,91820602
hsa-mir-29c,91820602
hsa-mir-337,91820602
hsa-mir-339,91820602
hsa-mir-375,91820602
hsa-mir-377,91820602
hsa-mir-383,91820602
hsa-mir-451a,91820602
hsa-mir-498,91820602
hsa-mir-595,91820602
hsa-mir-609,91820602
hsa-mir-619,91820602
hsa-mir-640,91820602
hsa-mir-654,91820602
hsa-mir-769,91820602
hsa-mir-99b,91820602
hsa-mir-7-1,31703
hsa-mir-217,36462
hsa-mir-217,25183872
hsa-mir-217,2733526
hsa-mir-363,2767
hsa-mir-197,3385
hsa-mir-200a,123631
hsa-mir-10b,2733526
hsa-let-7a-1,41867
hsa-mir-21,64971
hsa-mir-149,36314
hsa-mir-326,3385
hsa-mir-326,2767
hsa-mir-587,3385
hsa-mir-497,31703
hsa-mir-497,24801581
hsa-mir-497,5978
hsa-mir-150,11626560
hsa-mir-127,31703
hsa-mir-141,2767
hsa-mir-18b,2767
hsa-mir-199b,2767
hsa-mir-215,2767
hsa-mir-335,2767
hsa-mir-363,2767
hsa-mir-645,2767
hsa-mir-202,31703
hsa-mir-139,148124
hsa-mir-134,31703
hsa-mir-10b,2767
hsa-mir-10b,2767
hsa-mir-139,2767
hsa-mir-139,2767
hsa-mir-21,2767
hsa-mir-21,2767
hsa-let-7g,36314
hsa-mir-135b,36314
hsa-mir-155,36314
hsa-mir-181c,36314
hsa-mir-191,36314
hsa-mir-19a,36314
hsa-mir-200c,36314
hsa-mir-205,36314
hsa-mir-23b,36314
hsa-mir-25,36314
hsa-mir-301a,36314
hsa-mir-96,36314
hsa-mir-224,36314
hsa-mir-133b,2767
hsa-mir-133b,36314
hsa-mir-134,2767
hsa-mir-134,6505803
hsa-mir-21,3385
hsa-mir-21,9903
hsa-let-7a-1,24180719
hsa-let-7b,24180719
hsa-let-7c,24180719
hsa-let-7e,24180719
hsa-mir-100,24180719
hsa-mir-1287,24180719
hsa-mir-1291,24180719
hsa-mir-1293,24180719
hsa-mir-1301,24180719
hsa-mir-132,24180719
hsa-mir-146a,24180719
hsa-mir-155,24180719
hsa-mir-184,24180719
hsa-mir-185,24180719
hsa-mir-192,24180719
hsa-mir-21,24180719
hsa-mir-2277,24180719
hsa-mir-23a,24180719
hsa-mir-23b,24180719
hsa-mir-24-2,24180719
hsa-mir-27a,24180719
hsa-mir-27b,24180719
hsa-mir-30b,24180719
hsa-mir-30d,24180719
hsa-mir-3187,24180719
hsa-mir-3200,24180719
hsa-mir-320a,24180719
hsa-mir-328,24180719
hsa-mir-331,24180719
hsa-mir-335,24180719
hsa-mir-340,24180719
hsa-mir-361,24180719
hsa-mir-363,24180719
hsa-mir-3651,24180719
hsa-mir-3917,24180719
hsa-mir-409,24180719
hsa-mir-424,24180719
hsa-mir-425,24180719
hsa-mir-4467,24180719
hsa-mir-4473,24180719
hsa-mir-449c,24180719
hsa-mir-4664,24180719
hsa-mir-4745,24180719
hsa-mir-490,24180719
hsa-mir-503,24180719
hsa-mir-504,24180719
hsa-mir-543,24180719
hsa-mir-584,24180719
hsa-mir-660,24180719
hsa-mir-664a,24180719
hsa-mir-7-1,24180719
hsa-mir-760,24180719
hsa-mir-769,24180719
hsa-mir-96,24180719
hsa-mir-99a,24180719
hsa-mir-130a,5291
hsa-mir-17,36314
hsa-mir-193b,31703
hsa-mir-221,460612
hsa-mir-7-1,2767
hsa-mir-23a,2767
hsa-mir-21,36314
hsa-mir-144,2767
hsa-mir-634,38904
hsa-mir-634,2767
hsa-mir-634,2767
hsa-mir-634,31703
hsa-mir-143,36314
hsa-mir-100,2767
hsa-mir-100,5978
hsa-mir-1247,5978
hsa-mir-126,5978
hsa-mir-145,5978
hsa-mir-146a,5978
hsa-mir-215,5978
hsa-mir-3141,5978
hsa-mir-582,5978
hsa-mir-675,5978
hsa-mir-92b,5978
hsa-mir-302a,4212
hsa-mir-302b,4212
hsa-mir-302c,4212
hsa-mir-302d,4212
hsa-mir-425,3385
hsa-mir-425,5310940
hsa-let-7g,2767
hsa-let-7i,2767
hsa-mir-122,216239
hsa-mir-30a,2767
hsa-mir-100,2767
hsa-mir-10a,2767
hsa-mir-1307,2767
hsa-mir-204,2767
hsa-mir-21,2767
hsa-mir-222,2767
hsa-mir-224,2767
hsa-mir-23a,2767
hsa-mir-27b,2767
hsa-mir-29a,2767
hsa-mir-320a,2767
hsa-mir-423,2767
hsa-mir-4521,2767
hsa-mir-7-1,2767
hsa-mir-92b,2767
hsa-mir-100,42611257
hsa-mir-34a,42611257
hsa-mir-202,387447
hsa-mir-155,2733526
hsa-mir-224,31703
hsa-mir-542,31703
hsa-mir-16-1,5394
