miRNA,sequence
hsa-let-7b-5p,UGAGGUAGUAGGUUGUGUGGUU
hsa-let-7b-3p,CUAUACAACCUACUGCCUUCCC
hsa-let-7c-5p,UGAGGUAGUAGGUUGUAUGGUU
hsa-let-7d-5p,AGAGGUAGUAGGUUGCAUAGUU
hsa-let-7e-5p,UGAGGUAGGAGGUUGUAUAGUU
hsa-let-7f-5p,UGAGGUAGUAGAUUGUAUAGUU
hsa-let-7g-5p,UGAGGUAGUAGUUUGUACAGUU
hsa-let-7g-3p,CUGUACAGGCCACUGCCUUGC
hsa-let-7i-5p,UGAGGUAGUAGUUUGUGCUGUU
hsa-miR-1-3p,UGGAAUGUAAAGAAGUAUGUAU
hsa-miR-10a-5p,UACCCUGUAGAUCCGAAUUUGUG
hsa-miR-100-5p,AACCCGUAGAUCCGAACUUGUG
hsa-miR-101-3p,UACAGUACUGUGAUAACUGAA
hsa-miR-101-5p,CAGUUAUCACAGUGCUGAUGCU
hsa-miR-103a-3p,AGCAGCAUUGUACAGGGCUAUGA
hsa-miR-106a-5p,AAAAGUGCUUACAGUGCAGGUAG
hsa-miR-106b-5p,UAAAGUGCUGACAGUGCAGAU
hsa-miR-106b-3p,CCGCACUGUGGGUACUUGCUGC
hsa-miR-107,AGCAGCAUUGUACAGGGCUAUCA
hsa-miR-10a-3p,CAAAUUCGUAUCUAGGGGAAUA
hsa-miR-10b-5p,UACCCUGUAGAACCGAAUUUGUG
hsa-miR-1181,CCGUCGCCGCCACCCGAGCCG
hsa-miR-1207-5p,UGGCAGGGAGGCUGGGAGGGG
hsa-miR-122-5p,UGGAGUGUGACAAUGGUGUUUG
hsa-miR-1224-5p,GUGAGGACUCGGGAGGUGG
hsa-miR-1225-5p,GUGGGUACGGCCCAGUGGGGGG
hsa-miR-1226-5p,GUGAGGGCAUGCAGGCCUGGAUGGGG
hsa-miR-1227-3p,CGUGCCACCCUUUUCCCCAG
hsa-miR-1229-3p,CUCUCACCACUGCCCUCCCACAG
hsa-miR-124-3p,UAAGGCACGCGGUGAAUGCCAA
hsa-miR-124-5p,CGUGUUCACAGCGGACCUUGAU
hsa-miR-1246,AAUGGAUUUUUGGAGCAGG
hsa-miR-1251-5p,ACUCUAGCUGCCAAAGGCGCU
hsa-miR-1252-5p,AGAAGGAAAUUGAAUUCAUUUA
hsa-miR-1256,AGGCAUUGACUUCUCACUAGCU
hsa-miR-125a-3p,ACAGGUGAGGUUCUUGGGAGCC
hsa-miR-125a-5p,UCCCUGAGACCCUUUAACCUGUGA
hsa-miR-125b-5p,UCCCUGAGACCCUAACUUGUGA
hsa-miR-126-3p,UCGUACCGUGAGUAAUAAUGCG
hsa-miR-126-5p,CAUUAUUACUUUUGGUACGCG
hsa-miR-1260a,AUCCCACCUCUGCCACCA
hsa-miR-1262,AUGGGUGAAUUUGUAGAAGGAU
hsa-miR-1268a,CGGGCGUGGUGGUGGGGG
hsa-miR-127-3p,UCGGAUCCGUCUGAGCUUGGCU
hsa-miR-1275,GUGGGGGAGAGGCUGUC
hsa-miR-1277-3p,UACGUAGAUAUAUAUGUAUUUU
hsa-miR-128-3p,UCACAGUGAACCGGUCUCUUU
hsa-miR-128-1-5p,CGGGGCCGUAGCACUGUCUGAGA
hsa-miR-128-2-5p,GGGGGCCGAUACACUGUACGAGA
hsa-miR-1286,UGCAGGACCAAGAUGAGCCCU
hsa-miR-129-2-3p,AAGCCCUUACCCCAAAAAGCAU
hsa-miR-1290,UGGAUUUUUGGAUCAGGGA
hsa-miR-1291,UGGCCCUGACUGAAGACCAGCAGU
hsa-miR-129-5p,CUUUUUGCGGUCUGGGCUUGC
hsa-miR-1304-5p,UUUGAGGCUACAGUGAGAUGUG
hsa-miR-130a-3p,CAGUGCAAUGUUAAAAGGGCAU
hsa-miR-130b-3p,CAGUGCAAUGAUGAAAGGGCAU
hsa-miR-132-3p,UAACAGUCUACAGCCAUGGUCG
hsa-miR-133a-3p,UUUGGUCCCCUUCAACCAGCUG
hsa-miR-133b,UUUGGUCCCCUUCAACCAGCUA
hsa-miR-134-5p,UGUGACUGGUUGACCAGAGGGG
hsa-miR-135a-5p,UAUGGCUUUUUAUUCCUAUGUGA
hsa-miR-135a-3p,UAUAGGGAUUGGAGCCGUGGCG
hsa-miR-135b-5p,UAUGGCUUUUCAUUCCUAUGUGA
hsa-miR-137-3p,UUAUUGCUUAAGAAUACGCGUAG
hsa-miR-138-5p,AGCUGGUGUUGUGAAUCAGGCCG
hsa-miR-139-5p,UCUACAGUGCACGUGUCUCCAGU
hsa-miR-140-5p,CAGUGGUUUUACCCUAUGGUAG
hsa-miR-140-3p,UACCACAGGGUAGAACCACGG
hsa-miR-141-3p,UAACACUGUCUGGUAAAGAUGG
hsa-miR-142-3p,UGUAGUGUUUCCUACUUUAUGGA
hsa-miR-142-5p,CAUAAAGUAGAAAGCACUACU
hsa-miR-143-3p,UGAGAUGAAGCACUGUAGCUC
hsa-miR-143-5p,GGUGCAGUGCUGCAUCUCUGGU
hsa-miR-144-3p,UACAGUAUAGAUGAUGUACU
hsa-miR-145-5p,GUCCAGUUUUCCCAGGAAUCCCU
hsa-miR-146a-5p,UGAGAACUGAAUUCCAUGGGUU
hsa-miR-1469,CUCGGCGCGGGGCGCGGGCUCC
hsa-miR-146b-5p,UGAGAACUGAAUUCCAUAGGCUG
hsa-miR-147a,GUGUGUGGAAAUGCUUCUGC
hsa-miR-148a-3p,UCAGUGCACUACAGAACUUUGU
hsa-miR-148b-3p,UCAGUGCAUCACAGAACUUUGU
hsa-miR-149-5p,UCUGGCUCCGUGUCUUCACUCCC
hsa-miR-149-3p,AGGGAGGGACGGGGGCUGUGC
hsa-miR-150-5p,UCUCCCAACCCUUGUACCAGUG
hsa-miR-150-3p,CUGGUACAGGCCUGGGGGACAG
hsa-miR-151a-3p,CUAGACUGAAGCUCCUUGAGG
hsa-miR-151a-5p,UCGAGGAGCUCACAGUCUAGU
hsa-miR-152-3p,UCAGUGCAUGACAGAACUUGG
hsa-miR-153-3p,UUGCAUAGUCACAAAAGUGAUC
hsa-miR-154-5p,UAGGUUAUCCGUGUUGCCUUCG
hsa-miR-155-5p,UUAAUGCUAAUCGUGAUAGGGGUU
hsa-miR-15a-5p,UAGCAGCACAUAAUGGUUUGUG
hsa-miR-15b-5p,UAGCAGCACAUCAUGGUUUACA
hsa-miR-15b-3p,CGAAUCAUUAUUUGCUGCUCUA
hsa-miR-16-5p,UAGCAGCACGUAAAUAUUGGCG
hsa-miR-16-1-3p,CCAGUAUUAACUGUGCUGCUGA
hsa-miR-17-5p,CAAAGUGCUUACAGUGCAGGUAG
hsa-miR-17-3p,ACUGCAGUGAAGGCACUUGUAG
hsa-miR-18a-5p,UAAGGUGCAUCUAGUGCAGAUAG
hsa-miR-181a-5p,AACAUUCAACGCUGUCGGUGAGU
hsa-miR-181a-3p,ACCAUCGACCGUUGAUUGUACC
hsa-miR-181b-5p,AACAUUCAUUGCUGUCGGUGGGU
hsa-miR-181c-5p,AACAUUCAACCUGUCGGUGAGU
hsa-miR-181d-5p,AACAUUCAUUGUUGUCGGUGGGU
hsa-miR-182-5p,UUUGGCAAUGGUAGAACUCACACU
hsa-miR-183-5p,UAUGGCACUGGUAGAAUUCACU
hsa-miR-183-3p,GUGAAUUACCGAAGGGCCAUAA
hsa-miR-184,UGGACGGAGAACUGAUAAGGGU
hsa-miR-185-5p,UGGAGAGAAAGGCAGUUCCUGA
hsa-miR-186-5p,CAAAGAAUUCUCCUUUUGGGCU
hsa-miR-186-3p,GCCCAAAGGUGAAUUUUUUGGG
hsa-miR-187-3p,UCGUGUCUUGUGUUGCAGCCGG
hsa-miR-188-5p,CAUCCCUUGCAUGGUGGAGGG
hsa-miR-18a-3p,ACUGCCCUAAGUGCUCCUUCUGG
hsa-miR-18b-5p,UAAGGUGCAUCUAGUGCAGUUAG
hsa-miR-190a-5p,UGAUAUGUUUGAUAUAUUAGGU
hsa-miR-190b-5p,UGAUAUGUUUGAUAUUGGGUUG
hsa-miR-191-5p,CAACGGAAUCCCAAAAGCAGCUG
hsa-miR-191-3p,GCUGCGCUUGGAUUUCGUCCCC
hsa-miR-1910-5p,CCAGUCCUGUGCCUGCCGCCU
hsa-miR-1912-3p,UACCCAGAGCAUGCAGUGUGAA
hsa-miR-1915-3p,CCCCAGGGCGACGCGGCGGG
hsa-miR-192-5p,CUGACCUAUGAAUUGACAGCC
hsa-miR-193a-3p,AACUGGCCUACAAAGUCCCAGU
hsa-miR-193a-5p,UGGGUCUUUGCGGGCGAGAUGA
hsa-miR-193b-3p,AACUGGCCCUCAAAGUCCCGCU
hsa-miR-193b-5p,CGGGGUUUUGAGGGCGAGAUGA
hsa-miR-194-5p,UGUAACAGCAACUCCAUGUGGA
hsa-miR-194-3p,CCAGUGGGGCUGCUGUUAUCUG
hsa-miR-195-5p,UAGCAGCACAGAAAUAUUGGC
hsa-miR-196a-5p,UAGGUAGUUUCAUGUUGUUGGG
hsa-miR-196b-5p,UAGGUAGUUUCCUGUUGUUGGG
hsa-miR-197-3p,UUCACCACCUUCUCCACCCAGC
hsa-miR-199a-5p,CCCAGUGUUCAGACUACCUGUUC
hsa-miR-199a-3p,ACAGUAGUCUGCACAUUGGUUA
hsa-miR-199b-5p,CCCAGUGUUUAGACUAUCUGUUC
hsa-miR-19a-3p,UGUGCAAAUCUAUGCAAAACUGA
hsa-miR-19b-3p,UGUGCAAAUCCAUGCAAAACUGA
hsa-miR-20a-5p,UAAAGUGCUUAUAGUGCAGGUAG
hsa-miR-200a-3p,UAACACUGUCUGGUAACGAUGU
hsa-miR-200b-3p,UAAUACUGCCUGGUAAUGAUGA
hsa-miR-200c-3p,UAAUACUGCCGGGUAAUGAUGGA
hsa-miR-202-3p,AGAGGUAUAGGGCAUGGGAA
hsa-miR-202-5p,UUCCUAUGCAUAUACUUCUUUG
hsa-miR-203a-3p,GUGAAAUGUUUAGGACCACUAG
hsa-miR-204-5p,UUCCCUUUGUCAUCCUAUGCCU
hsa-miR-205-5p,UCCUUCAUUCCACCGGAGUCUG
hsa-miR-2052,UGUUUUGAUAACAGUAAUGU
hsa-miR-206,UGGAAUGUAAGGAAGUGUGUGG
hsa-miR-208a-5p,GAGCUUUUGGCCCGGGUUAUAC
hsa-miR-20b-5p,CAAAGUGCUCAUAGUGCAGGUAG
hsa-miR-21-5p,UAGCUUAUCAGACUGAUGUUGA
hsa-miR-21-3p,CAACACCAGUCGAUGGGCUGU
hsa-miR-210-3p,CUGUGCGUGUGACAGCGGCUGA
hsa-miR-211-5p,UUCCCUUUGUCAUCCUUCGCCU
hsa-miR-2116-5p,GGUUCUUAGCAUAGGAGGUCU
hsa-miR-2116-3p,CCUCCCAUGCCAAGAACUCCC
hsa-miR-212-3p,UAACAGUCUCCAGUCACGGCC
hsa-miR-214-3p,ACAGCAGGCACAGACAGGCAGU
hsa-miR-215-5p,AUGACCUAUGAAUUGACAGAC
hsa-miR-216a-5p,UAAUCUCAGCUGGCAACUGUGA
hsa-miR-216b-5p,AAAUCUCUGCAGGCAAAUGUGA
hsa-miR-217-5p,UACUGCAUCAGGAACUGAUUGGA
hsa-miR-218-5p,UUGUGCUUGAUCUAACCAUGU
hsa-miR-219a-5p,UGAUUGUCCAAACGCAAUUCU
hsa-miR-219a-1-3p,AGAGUUGAGUCUGGACGUCCCG
hsa-miR-22-3p,AAGCUGCCAGUUGAAGAACUGU
hsa-miR-22-5p,AGUUCUUCAGUGGCAAGCUUUA
hsa-miR-221-3p,AGCUACAUUGUCUGCUGGGUUUC
hsa-miR-222-3p,AGCUACAUCUGGCUACUGGGU
hsa-miR-222-5p,CUCAGUAGCCAGUGUAGAUCCU
hsa-miR-223-3p,UGUCAGUUUGUCAAAUACCCCA
hsa-miR-224-5p,UCAAGUCACUAGUGGUUCCGUUUAG
hsa-miR-2355-3p,AUUGUCCUUGCUGUUUGGAGAU
hsa-miR-23a-3p,AUCACAUUGCCAGGGAUUUCC
hsa-miR-23a-5p,GGGGUUCCUGGGGAUGGGAUUU
hsa-miR-23b-3p,AUCACAUUGCCAGGGAUUACCAC
hsa-miR-24-3p,UGGCUCAGUUCAGCAGGAACAG
hsa-miR-24-1-5p,UGCCUACUGAGCUGAUAUCAGU
hsa-miR-25-3p,CAUUGCACUUGUCUCGGUCUGA
hsa-miR-25-5p,AGGCGGAGACUUGGGCAAUUG
hsa-miR-26a-5p,UUCAAGUAAUCCAGGAUAGGCU
hsa-miR-26b-5p,UUCAAGUAAUUCAGGAUAGGU
hsa-miR-26b-3p,CCUGUUCUCCAUUACUUGGCU
hsa-miR-27a-3p,UUCACAGUGGCUAAGUUCCGC
hsa-miR-27a-5p,AGGGCUUAGCUGCUUGUGAGCA
hsa-miR-27b-3p,UUCACAGUGGCUAAGUUCUGC
hsa-miR-27b-5p,AGAGCUUAGCUGAUUGGUGAAC
hsa-miR-28-5p,AAGGAGCUCACAGUCUAUUGAG
hsa-miR-296-5p,AGGGCCCCCCCUCAAUCCUGU
hsa-miR-298,AGCAGAAGCAGGGAGGUUCUCCCA
hsa-miR-299-3p,UAUGUGGGAUGGUAAACCGCUU
hsa-miR-299-5p,UGGUUUACCGUCCCACAUACAU
hsa-miR-29a-3p,UAGCACCAUCUGAAAUCGGUUA
hsa-miR-29b-3p,UAGCACCAUUUGAAAUCAGUGUU
hsa-miR-29b-1-5p,GCUGGUUUCAUAUGGUGGUUUAGA
hsa-miR-29c-3p,UAGCACCAUUUGAAAUCGGUUA
hsa-miR-301a-3p,CAGUGCAAUAGUAUUGUCAAAGC
hsa-miR-302b-3p,UAAGUGCUUCCAUGUUUUAGUAG
hsa-miR-302b-5p,ACUUUAACAUGGAAGUGCUUUC
hsa-miR-302c-3p,UAAGUGCUUCCAUGUUUCAGUGG
hsa-miR-302d-3p,UAAGUGCUUCCAUGUUUGAGUGU
hsa-miR-302f,UAAUUGCUUCCAUGUUU
hsa-miR-30a-5p,UGUAAACAUCCUCGACUGGAAG
hsa-miR-30a-3p,CUUUCAGUCGGAUGUUUGCAGC
hsa-miR-30b-5p,UGUAAACAUCCUACACUCAGCU
hsa-miR-30b-3p,CUGGGAGGUGGAUGUUUACUUC
hsa-miR-30c-5p,UGUAAACAUCCUACACUCUCAGC
hsa-miR-30c-1-3p,CUGGGAGAGGGUUGUUUACUCC
hsa-miR-30c-2-3p,CUGGGAGAAGGCUGUUUACUCU
hsa-miR-30d-5p,UGUAAACAUCCCCGACUGGAAG
hsa-miR-30e-5p,UGUAAACAUCCUUGACUGGAAG
hsa-miR-30e-3p,CUUUCAGUCGGAUGUUUACAGC
hsa-miR-31-5p,AGGCAAGAUGCUGGCAUAGCU
hsa-miR-32-5p,UAUUGCACAUUACUAAGUUGCA
hsa-miR-31-3p,UGCUAUGCCAACAUAUUGCCAU
hsa-miR-3125,UAGAGGAAGCUGUGGAGAGA
hsa-miR-3127-5p,AUCAGGGCUUGUGGAAUGGGAAG
hsa-miR-3133,UAAAGAACUCUUAAAACCCAAU
hsa-miR-3134,UGAUGGAUAAAAGACUACAUAUU
hsa-miR-3146,CAUGCUAGGAUAGAAAGAAUGG
hsa-miR-3149,UUUGUAUGGAUAUGUGUGUGUAU
hsa-miR-3152-3p,UGUGUUAGAAUAGGGGCAAUAA
hsa-miR-3153,GGGGAAAGCGAGUAGGGACAUUU
hsa-miR-3163,UAUAAAAUGAGGGCAGUAAGAC
hsa-miR-3167,AGGAUUUCAGAAAUACUGGUGU
hsa-miR-3174,UAGUGAGUUAGAGAUGCAGAGCC
hsa-miR-3180-5p,CUUCCAGACGCUCCGCCCCACGUCG
hsa-miR-3192-5p,UCUGGGAGGUUGUAGCAGUGGAA
hsa-miR-3195,CGCGCCGGGCCCGGGUU
hsa-miR-320a-3p,AAAAGCUGGGUUGAGAGGGCGA
hsa-miR-320c,AAAAGCUGGGUUGAGAGGGU
hsa-miR-320d,AAAAGCUGGGUUGAGAGGA
hsa-miR-323a-3p,CACAUUACACGGUCGACCUCU
hsa-miR-324-5p,CGCAUCCCCUAGGGCAUUGGUG
hsa-miR-323a-5p,AGGUGGUCCGUGGCGCGUUCGC
hsa-miR-325,CCUAGUAGGUGUCCAGUAAGUGU
hsa-miR-326,CCUCUGGGCCCUUCCUCCAG
hsa-miR-328-3p,CUGGCCCUCUCUGCCCUUCCGU
hsa-miR-329-3p,AACACACCUGGUUAACCUCUUU
hsa-miR-33a-5p,GUGCAUUGUAGUUGCAUUGCA
hsa-miR-330-3p,GCAAAGCACACGGCCUGCAGAGA
hsa-miR-331-3p,GCCCCUGGGCCUAUCCUAGAA
hsa-miR-335-5p,UCAAGAGCAAUAACGAAAAAUGU
hsa-miR-335-3p,UUUUUCAUUAUUGCUCCUGACC
hsa-miR-337-3p,CUCCUAUAUGAUGCCUUUCUUC
hsa-miR-337-5p,GAACGGCUUCAUACAGGAGUU
hsa-miR-339-5p,UCCCUGUCCUCCAGGAGCUCACG
hsa-miR-33b-5p,GUGCAUUGCUGUUGCAUUGC
hsa-miR-340-5p,UUAUAAAGCAAUGAGACUGAUU
hsa-miR-342-3p,UCUCACACAGAAAUCGCACCCGU
hsa-miR-345-5p,GCUGACUCCUAGUCCAGGGCUC
hsa-miR-346,UGUCUGCCCGCAUGCCUGCCUCU
hsa-miR-34a-5p,UGGCAGUGUCUUAGCUGGUUGU
hsa-miR-34b-3p,CAAUCACUAACUCCACUGCCAU
hsa-miR-34b-5p,UAGGCAGUGUCAUUAGCUGAUUG
hsa-miR-34c-5p,AGGCAGUGUAGUUAGCUGAUUGC
hsa-miR-34c-3p,AAUCACUAACCACACGGCCAGG
hsa-miR-122b-5p,UUUAGUGUGAUAAUGGCGUUUGA
hsa-miR-3606-5p,UUAGUGAAGGCUAUUUUAAUU
hsa-miR-361-5p,UUAUCAGAAUCUCCAGGGGUAC
hsa-miR-361-3p,UCCCCCAGGUGUGAUUCUGAUUU
hsa-miR-3614-3p,UAGCCUUCAGAUCUUGGUGUUUU
hsa-miR-362-3p,AACACACCUAUUCAAGGAUUCA
hsa-miR-363-3p,AAUUGCACGGUAUCCAUCUGUA
hsa-miR-363-5p,CGGGUGGAUCACGAUGCAAUUU
hsa-miR-3648,AGCCGCGGGGAUCGCCGAGGG
hsa-miR-365a-3p,UAAUGCCCCUAAAAAUCCUUAU
hsa-miR-3651,CAUAGCCCGGUCGCUGGUACAUGA
hsa-miR-3658,UUUAAGAAAACACCAUGGAGAU
hsa-miR-3659,UGAGUGUUGUCUACGAGGGCA
hsa-miR-3662,GAAAAUGAUGAGUAGUGACUGAUG
hsa-miR-3663-3p,UGAGCACCACACAGGCCGGGCGC
hsa-miR-3665,AGCAGGUGCGGGGCGGCG
hsa-miR-3668,AAUGUAGAGAUUGAUCAAAAU
hsa-miR-367-3p,AAUUGCACUUUAGCAAUGGUGA
hsa-miR-3672,AUGAGACUCAUGUAAAACAUCUU
hsa-miR-3679-5p,UGAGGAUAUGGCAGGGAAGGGGA
hsa-miR-3682-3p,UGAUGAUACAGGUGGAGGUAG
hsa-miR-3692-5p,CCUGCUGGUCAGGAGUGGAUACUG
hsa-miR-370-3p,GCCUGCUGGGGUGGAACCUGGU
hsa-miR-371a-3p,AAGUGCCGCCAUCUUUUGAGUGU
hsa-miR-371a-5p,ACUCAAACUGUGGGGGCACU
hsa-miR-372-3p,AAAGUGCUGCGACAUUUGAGCGU
hsa-miR-373-5p,ACUCAAAAUGGGGGCGCUUUCC
hsa-miR-373-3p,GAAGUGCUUCGAUUUUGGGGUGU
hsa-miR-374a-5p,UUAUAAUACAACCUGAUAAGUG
hsa-miR-374b-5p,AUAUAAUACAACCUGCUAAGUG
hsa-miR-375-3p,UUUGUUCGUUCGGCUCGCGUGA
hsa-miR-376a-3p,AUCAUAGAGGAAAAUCCACGU
hsa-miR-376c-3p,AACAUAGAGGAAAUUCCACGU
hsa-miR-377-3p,AUCACACAAAGGCAACUUUUGU
hsa-miR-378a-3p,ACUGGACUUGGAGUCAGAAGGC
hsa-miR-378i,ACUGGACUAGGAGUCAGAAGG
hsa-miR-379-5p,UGGUAGACUAUGGAACGUAGG
hsa-miR-380-5p,UGGUUGACCAUAGAACAUGCGC
hsa-miR-381-3p,UAUACAAGGGCAAGCUCUCUGU
hsa-miR-382-5p,GAAGUUGUUCGUGGUGGAUUCG
hsa-miR-383-5p,AGAUCAGAAGGUGAUUGUGGCU
hsa-miR-3911,UGUGUGGAUCCUGGAGGAGGCA
hsa-miR-3914,AAGGAACCAGAAAAUGAGAAGU
hsa-miR-3945,AGGGCAUAGGAGAGGGUUGAUAU
hsa-miR-3974,AAAGGUCAUUGUAAGGUUAAUGC
hsa-miR-409-5p,AGGUUACCCGAGCAACUUUGCAU
hsa-miR-409-3p,GAAUGUUGCUCGGUGAACCCCU
hsa-miR-410-5p,AGGUUGUCUGUGAUGAGUUCG
hsa-miR-411-3p,UAUGUAACACGGUCCACUAACC
hsa-miR-412-3p,ACUUCACCUGGUCCACUAGCCGU
hsa-miR-422a,ACUGGACUUAGGGUCAGAAGGC
hsa-miR-423-3p,AGCUCGGUCUGAGGCCCCUCAGU
hsa-miR-423-5p,UGAGGGGCAGAGAGCGAGACUUU
hsa-miR-424-5p,CAGCAGCAAUUCAUGUUUUGAA
hsa-miR-425-5p,AAUGACACGAUCACUCCCGUUGA
hsa-miR-4252,GGCCACUGAGUCAGCACCA
hsa-miR-4270,UCAGGGAGUCAGGGGAGGGC
hsa-miR-4271,GGGGGAAGAAAAGGUGGGG
hsa-miR-4281,GGGUCCCGGGGAGGGGGG
hsa-miR-4284,GGGCUCACAUCACCCCAU
hsa-miR-429,UAAUACUGUCUGGUAAAACCGU
hsa-miR-4298,CUGGGACAGGAGGAGGAGGCAG
hsa-miR-4306,UGGAGAGAAAGGCAGUA
hsa-miR-431-5p,UGUCUUGCAGGCCGUCAUGCA
hsa-miR-432-5p,UCUUGGAGUAGGUCAUUGGGUGG
hsa-miR-4428,CAAGGAGACGGGAACAUGGAGC
hsa-miR-4450,UGGGGAUUUGGAGAAGUGGUGA
hsa-miR-4453,GAGCUUGGUCUGUAGCGGUU
hsa-miR-4460,AUAGUGGUUGUGAAUUUACCUU
hsa-miR-4464,AAGGUUUGGAUAGAUGCAAUA
hsa-miR-4470,UGGCAAACGUGGAAGCCGAGA
hsa-miR-4474-3p,UUGUGGCUGGUCAUGAGGCUAA
hsa-miR-4475,CAAGGGACCAAGCAUUCAUUAU
hsa-miR-4476,CAGGAAGGAUUUAGGGACAGGC
hsa-miR-449a,UGGCAGUGUAUUGUUAGCUGGU
hsa-miR-449b-5p,AGGCAGUGUAUUGUUAGCUGGC
hsa-miR-449b-3p,CAGCCACAACUACCCUGCCACU
hsa-miR-450a-5p,UUUUGCGAUGUGUUCCUAAUAU
hsa-miR-4504,UGUGACAAUAGAGAUGAACAUG
hsa-miR-4509,ACUAAAGGAUAUAGAAGGUUUU
hsa-miR-451a,AAACCGUUACCAUUACUGAGUU
hsa-miR-4518,GCUCAGGGAUGAUAACUGUGCUGAGA
hsa-miR-452-5p,AACUGUUUGCAGAGGAAACUGA
hsa-miR-454-3p,UAGUGCAAUAUUGCUUAUAGGGU
hsa-miR-4633-5p,AUAUGCCUGGCUAGCUCCUC
hsa-miR-4635,UCUUGAAGUCAGAACCCGCAA
hsa-miR-4639-5p,UUGCUAAGUAGGCUGAGAUUGA
hsa-miR-4652-5p,AGGGGACUGGUUAAUAGAACUA
hsa-miR-4659b-5p,UUGCCAUGUCUAAGAAGAA
hsa-miR-4661-3p,CAGGAUCCACAGAGCUAGUCCA
hsa-miR-4662a-3p,AAAGAUAGACAAUUGGCUAAAU
hsa-miR-4668-5p,AGGGAAAAAAAAAAGGAUUUGUC
hsa-miR-4674,CUGGGCUCGGGACGCGCGGCU
hsa-miR-4676-5p,GAGCCAGUGGUGAGACAGUGA
hsa-miR-4678,AAGGUAUUGUUCAGACUUAUGA
hsa-miR-4680-3p,UCUGAAUUGUAAGAGUUGUUA
hsa-miR-4693-5p,AUACUGUGAAUUUCACUGUCACA
hsa-miR-4700-5p,UCUGGGGAUGAGGACAGUGUGU
hsa-miR-4703-5p,UAGCAAUACAGUACAAAUAUAGU
hsa-miR-4716-3p,AAGGGGGAAGGAAACAUGGAGA
hsa-miR-4720-3p,UGCUUAAGUUGUACCAAGUAU
hsa-miR-4723-3p,CCCUCUCUGGCUCCUCCCCAAA
hsa-miR-4727-3p,AUAGUGGGAAGCUGGCAGAUUC
hsa-miR-4729,UCAUUUAUCUGUUGGGAAGCUA
hsa-miR-4732-5p,UGUAGAGCAGGGAGCAGGAAGCU
hsa-miR-4735-3p,AAAGGUGCUCAAAUUAGACAU
hsa-miR-4745-5p,UGAGUGGGGCUCCCGGGACGGCG
hsa-miR-4759,UAGGACUAGAUGUUGGAAUUA
hsa-miR-4765,UGAGUGAUUGAUAGCUAUGUUC
hsa-miR-4767,CGCGGGCGCUCCUGGCCGCCGCC
hsa-miR-4768-5p,AUUCUCUCUGGAUCCCAUGGAU
hsa-miR-4772-5p,UGAUCAGGCAAAAUUGCAGACU
hsa-miR-4773,CAGAACAGGAGCAUAGAAAGGC
hsa-miR-4774-5p,UCUGGUAUGUAGUAGGUAAUAA
hsa-miR-4777-5p,UUCUAGAUGAGAGAUAUAUAUA
hsa-miR-4778-5p,AAUUCUGUAAAGGAAGAAGAGG
hsa-miR-4779,UAGGAGGGAAUAGUAAAAGCAG
hsa-miR-4791,UGGAUAUGAUGACUGAAA
hsa-miR-4795-5p,AGAAGUGGCUAAUAAUAUUGA
hsa-miR-4796-3p,UAAAGUGGCAGAGUAUAGACAC
hsa-miR-4797-5p,GACAGAGUGCCACUUACUGAA
hsa-miR-4804-5p,UUGGACGGUAAGGUUAAGCAA
hsa-miR-483-3p,UCACUCCUCUCCUCCCGUCUU
hsa-miR-454-5p,ACCCUAUCAAUAUUGUCUCUGC
hsa-miR-484,UCAGGCUCAGUCCCCUCCCGAU
hsa-miR-485-5p,AGAGGCUGGCCGUGAUGAAUUC
hsa-miR-486-5p,UCCUGUACUGAGCUGCCCCGAG
hsa-miR-486-3p,CGGGGCAGCUCAGUACAGGAU
hsa-miR-487b-3p,AAUCGUACAGGGUCAUCCACUU
hsa-miR-488-3p,UUGAAAGGCUAUUUCUUGGUC
hsa-miR-490-3p,CAACCUGGAGGACUCCAUGCUG
hsa-miR-492,AGGACCUGCGGGACAAGAUUCUU
hsa-miR-493-3p,UGAAGGUCUACUGUGUGCCAGG
hsa-miR-494-3p,UGAAACAUACACGGGAAACCUC
hsa-miR-497-5p,CAGCAGCACACUGUGGUUUGU
hsa-miR-498-5p,UUUCAAGCCAGGGGGCGUUUUUC
hsa-miR-500a-5p,UAAUCCUUGCUACCUGGGUGAGA
hsa-miR-501-5p,AAUCCUUUGUCCCUGGGUGAGA
hsa-miR-502-5p,AUCCUUGCUAUCUGGGUGCUA
hsa-miR-502-3p,AAUGCACCUGGGCAAGGAUUCA
hsa-miR-503-5p,UAGCAGCGGGAACAGUUCUGCAG
hsa-miR-506-3p,UAAGGCACCCUUCUGAGUAGA
hsa-miR-509-3p,UGAUUGGUACGUCUGUGGGUAG
hsa-miR-510-5p,UACUCAGGAGAGUGGCAAUCAC
hsa-miR-512-3p,AAGUGCUGUCAUAGCUGAGGUC
hsa-miR-513a-5p,UUCACAGGGAGGUGUCAU
hsa-miR-513a-3p,UAAAUUUCACCUUUCUGAGAAGG
hsa-miR-513b-5p,UUCACAAGGAGGUGUCAUUUAU
hsa-miR-514a-3p,AUUGACACUUCUGUGAGUAGA
hsa-miR-515-5p,UUCUCCAAAAGAAAGCACUUUCUG
hsa-miR-516a-5p,UUCUCGAGGAAAGAAGCACUUUC
hsa-miR-516b-5p,AUCUGGAGGUAAGAAGCACUUU
hsa-miR-517a-3p,AUCGUGCAUCCCUUUAGAGUGU
hsa-miR-518a-5p,CUGCAAAGGGAAGCCCUUUC
hsa-miR-518b,CAAAGCGCUCCCCUUUAGAGGU
hsa-miR-518c-3p,CAAAGCGCUUCUCUUUAGAGUGU
hsa-miR-518c-5p,UCUCUGGAGGGAAGCACUUUCUG
hsa-miR-518d-3p,CAAAGCGCUUCCCUUUGGAGC
hsa-miR-518d-5p,CUCUAGAGGGAAGCACUUUCUG
hsa-miR-518e-3p,AAAGCGCUUCCCUUCAGAGUG
hsa-miR-519a-3p,AAAGUGCAUCCUUUUAGAGUGU
hsa-miR-519c-3p,AAAGUGCAUCUUUUUAGAGGAU
hsa-miR-519c-5p,CUCUAGAGGGAAGCGCUUUCUG
hsa-miR-520d-3p,AAAGUGCUUCUCUUUGGUGGGU
hsa-miR-520e-3p,AAAGUGCUUCCUUUUUGAGGG
hsa-miR-520f-3p,AAGUGCUUCCUUUUAGAGGGUU
hsa-miR-522-3p,AAAAUGGUUCCCUUUAGAGUGU
hsa-miR-523-3p,GAACGCGCUUCCCUAUAGAGGGU
hsa-miR-524-3p,GAAGGCGCUUCCCUUUGGAGU
hsa-miR-524-5p,CUACAAAGGGAAGCACUUUCUC
hsa-miR-525-5p,CUCCAGAGGGAUGCACUUUCU
hsa-miR-525-3p,GAAGGCGCUUCCCUUUAGAGCG
hsa-miR-526a-5p,CUCUAGAGGGAAGCACUUUCUG
hsa-miR-526b-5p,CUCUUGAGGGAAGCACUUUCUGU
hsa-miR-532-5p,CAUGCCUUGAGUGUAGGACCGU
hsa-miR-542-5p,UCGGGGAUCAUCAUGUCACGAGA
hsa-miR-542-3p,UGUGACAGAUUGAUAACUGAAA
hsa-miR-544a,AUUCUGCAUUUUUAGCAAGUUC
hsa-miR-548b-5p,AAAAGUAAUUGUGGUUUUGGCC
hsa-miR-548c-3p,CAAAAAUCUCAAUUACUUUUGC
hsa-miR-548c-5p,AAAAGUAAUUGCGGUUUUUGCC
hsa-miR-548d-5p,AAAAGUAAUUGUGGUUUUUGCC
hsa-miR-548f-5p,UGCAAAAGUAAUCACAGUUUUU
hsa-miR-550a-3p,UGUCUUACUCCCUCAGGCACAU
hsa-miR-551a,GCGACCCACUCUUGGUUUCCA
hsa-miR-551b-3p,GCGACCCAUACUUGGUUUCAG
hsa-miR-552-3p,AACAGGUGACUGGUUAGACAA
hsa-miR-553,AAAACGGUGAGAUUUUGUUUU
hsa-miR-556-5p,GAUGAGCUCAUUGUAAUAUGAG
hsa-miR-557,GUUUGCACGGGUGGGCCUUGUCU
hsa-miR-558,UGAGCUGCUGUACCAAAAU
hsa-miR-559,UAAAGUAAAUAUGCACCAAAA
hsa-miR-568,AUGUAUAAAUGUAUACACAC
hsa-miR-574-3p,CACGCUCAUGCACACACCCACA
hsa-miR-574-5p,UGAGUGUGUGUGUGUGAGUGUGU
hsa-miR-575,GAGCCAGUUGGACAGGAGC
hsa-miR-581,UCUUGUGUUCUCUAGAUCAGU
hsa-miR-582-5p,UUACAGUUGUUCAACCAGUUACU
hsa-miR-584-5p,UUAUGGUUUGCCUGGGACUGAG
hsa-miR-590-5p,GAGCUUAUUCAUAAAAGUGCAG
hsa-miR-592,UUGUGUCAAUAUGCGAUGAUGU
hsa-miR-593-3p,UGUCUCUGCUGGGGUUUCU
hsa-miR-595,GAAGUGUGCCGUGGUGUGUCU
hsa-miR-596,AAGCCUGCCCGGCUCCUCGGG
hsa-miR-598-5p,GCGGUGAUCCCGAUGGUGUGAGC
hsa-miR-601,UGGUCUAGGAUUGUUGGAGGAG
hsa-miR-603,CACACACUGCAAUUACUUUUGC
hsa-miR-607,GUUCAAAUCCAGAUCUAUAAC
hsa-miR-608,AGGGGUGGUGUUGGGACAGCUCCGU
hsa-miR-611,GCGAGGACCCCUCGGGGUCUGAC
hsa-miR-612,GCUGGGCAGGGCUUCUGAGCUCCUU
hsa-miR-613,AGGAAUGUUCCUUCUUUGCC
hsa-miR-617,AGACUUCCCAUUUGAAGGUGGC
hsa-miR-620,AUGGAGAUAGAUAUAGAAAU
hsa-miR-621,GGCUAGCAACAGCGCUUACCU
hsa-miR-622,ACAGUCUGCUGAGGUUGGAGC
hsa-miR-623,AUCCCUUGCAGGGGCUGUUGGGU
hsa-miR-625-5p,AGGGGGAAAGUUCUAUAGUCC
hsa-miR-625-3p,GACUAUAGAACUUUCCCCCUCA
hsa-miR-627-5p,GUGAGUCUCUAAGAAAAGAGGA
hsa-miR-628-5p,AUGCUGACAUAUUUACUAGAGG
hsa-miR-629-5p,UGGGUUUACGUUGGGAGAACU
hsa-miR-629-3p,GUUCUCCCAACGUAAGCCCAGC
hsa-miR-630,AGUAUUCUGUACCAGGGAAGGU
hsa-miR-631,AGACCUGGCCCAGACCUCAGC
hsa-miR-632,GUGUCUGCUUCCUGUGGGA
hsa-miR-633,CUAAUAGUAUCUACCACAAUAAA
hsa-miR-634,AACCAGCACCCCAACUUUGGAC
hsa-miR-636,UGUGCUUGCUCGUCCCGCCCGCA
hsa-miR-638,AGGGAUCGCGGGCGGGUGGCGGCCU
hsa-miR-641,AAAGACAUAGGAUAGAGUCACCUC
hsa-miR-642a-5p,GUCCCUCUCCAAAUGUGUCUUG
hsa-miR-644a,AGUGUGGCUUUCUUAGAGC
hsa-miR-645,UCUAGGCUGGUACUGCUGA
hsa-miR-650,AGGAGGCAGCGCUCUCAGGAC
hsa-miR-651-5p,UUUAGGAUAAGCUUGACUUUUG
hsa-miR-652-3p,AAUGGCGCCACUAGGGUUGUG
hsa-miR-653-5p,GUGUUGAAACAAUCUCUACUG
hsa-miR-654-3p,UAUGUCUGCUGACCAUCACCUU
hsa-miR-657,GGCAGGUUCUCACCCUCUCUAGG
hsa-miR-660-5p,UACCCAUUGCAUAUCGGAGUUG
hsa-miR-663a,AGGCGGGGCGCCGCGGGACCGC
hsa-miR-664a-3p,UAUUCAUUUAUCCCCAGCCUACA
hsa-miR-668-3p,UGUCACUCGGCUCGGCCCACUAC
hsa-miR-671-5p,AGGAAGCCCUGGAGGGGCUGGAG
hsa-miR-7-5p,UGGAAGACUAGUGAUUUUGUUGUU
hsa-miR-708-5p,AAGGAGCUUACAAUCUAGCUGGG
hsa-miR-711,GGGACCCAGGGAGAGACGUAAG
hsa-miR-744-3p,CUGUUGCCACUAACCUCAACCU
hsa-miR-758-3p,UUUGUGACCUGGUCCACUAACC
hsa-miR-760,CGGCUCUGGGUCUGUGGGGA
hsa-miR-765,UGGAGGAGAAGGAAGGUGAUG
hsa-miR-766-3p,ACUCCAGCCCCACAGCCUCAGC
hsa-miR-767-3p,UCUGCUCAUACCCCAUGGUUUCU
hsa-miR-769-5p,UGAGACCUCUGGGUUCUGAGCU
hsa-miR-874-3p,CUGCCCUGGCCCGAGGGACCGA
hsa-miR-877-5p,GUAGAGGAGAUGGCGCAGGG
hsa-miR-877-3p,UCCUCUUCUCCCUCCUCCCAG
hsa-miR-887-5p,CUUGGGAGCCCUGUUAGACUC
hsa-miR-888-5p,UACUCAAAAAGCUGUCAGUCA
hsa-miR-889-5p,AAUGGCUGUCCGUAGUAUGGUC
hsa-miR-9-5p,UCUUUGGUUAUCUAGCUGUAUGA
hsa-miR-9-3p,AUAAAGCUAGAUAACCGAAAGU
hsa-miR-92a-3p,UAUUGCACUUGUCCCGGCCUGU
hsa-miR-921,CUAGUGAGGGACAGAACCAGGAUUC
hsa-miR-92a-1-5p,AGGUUGGGAUCGGUUGCAAUGCU
hsa-miR-92a-2-5p,GGGUGGGGAUUUGUUGCAUUAC
hsa-miR-92b-3p,UAUUGCACUCGUCCCGGCCUCC
hsa-miR-93-5p,CAAAGUGCUGUUCGUGCAGGUAG
hsa-miR-936,ACAGUAGAGGGAGGAAUCGCAG
hsa-miR-939-5p,UGGGGAGCUGAGGCUCUGGGGGUG
hsa-miR-940,AAGGCAGGGCCCCCGCUCCCC
hsa-miR-95-5p,UCAAUAAAUGUCUGUUGAAUU
hsa-miR-96-5p,UUUGGCACUAGCACAUUUUUGCU
hsa-miR-98-5p,UGAGGUAGUAAGUUGUAUUGUU
hsa-miR-99a-5p,AACCCGUAGAUCCGAUCUUGUG
hsa-miR-99b-5p,CACCCGUAGAACCGACCUUGCG
